player_id,player_name,team_name,position,height,weight,points_per_game,assists_per_game,rebounds_per_game,2pt_percentage,3pt_percentage
1,Howey Graybeal,Toronto Raptors,Shooting Guard,67.8,315.2,14.6,7.6,11.7,66.0,47.3
2,Gayler Mellody,Washington Wizards,Power Forward,64.6,209.6,30.1,1.7,19.6,80.7,61.7
3,Garrot Scurlock,Phoenix Suns,Point Guard,79.0,212.1,21.5,2.2,5.5,31.1,14.8
4,Saunders Worden,Toronto Raptors,Power Forward,75.3,335.8,7.9,12.6,15.1,75.6,9.2
5,Kaela Eriksson,Toronto Raptors,Point Guard,62.5,307.5,3.0,2.4,7.3,27.2,64.8
6,Elsinore MacCrossan,San Antonio Spurs,Center,74.7,288.5,38.7,11.4,17.4,39.6,59.0
7,Nickolas McFater,Toronto Raptors,Small Forward,72.7,295.7,29.4,4.1,1.6,99.5,68.8
8,Annette Bisseker,Orlando Magic,Center,73.8,229.1,24.9,3.8,4.8,83.4,95.7
9,Marget Tooze,Milwaukee Bucks,Shooting Guard,63.2,223.5,10.2,14.3,11.6,64.8,46.7
10,Robinson Stittle,Orlando Magic,Point Guard,64.6,275.6,15.9,13.4,18.5,47.8,34.9
11,Hobard Norewood,Boston Celtics,Power Forward,66.1,218.5,24.5,4.9,7.3,20.8,68.5
12,Archaimbaud Leggate,Philadelphia 76ers,Point Guard,62.3,212.8,30.4,4.9,6.6,79.0,63.7
13,Flory Vanacci,Miami Heat,Small Forward,87.3,151.3,14.7,14.4,5.9,41.8,48.0
14,Lucinda Wickey,Chicago Bulls,Small Forward,76.5,185.1,36.8,12.1,6.0,80.5,74.8
15,Layton Danett,Charlotte Hornets,Power Forward,64.7,245.8,14.4,6.6,6.2,20.2,17.7
16,Sybyl Latter,Utah Jazz,Shooting Guard,81.9,235.3,13.6,7.8,6.2,18.8,68.6
17,Rodger Brevetor,Los Angeles Lakers,Small Forward,62.1,168.6,14.0,10.0,4.5,9.7,70.8
18,Bibi Saph,Denver Nuggets,Shooting Guard,78.0,317.2,22.3,9.8,9.9,68.8,0.7
19,Abagael Mecco,Memphis Grizzlies,Center,80.1,166.9,37.2,12.9,6.8,21.1,60.9
20,Antonia McFetridge,Boston Celtics,Shooting Guard,62.8,345.5,34.9,7.7,10.5,79.4,81.7
21,Katha Pearn,Golden State Warriors,Shooting Guard,77.9,248.9,31.7,5.7,5.1,32.7,2.3
22,Donnamarie Sutherden,Miami Heat,Small Forward,84.5,309.5,9.9,9.6,15.8,6.4,44.2
23,Vivi Bull,Oklahoma City Thunder,Power Forward,60.2,250.6,18.3,4.5,12.3,69.4,45.6
24,Tamarah Wynes,Houston Rockets,Point Guard,66.8,253.7,30.7,7.6,6.5,76.5,8.5
25,Thayne Spinetti,Chicago Bulls,Center,61.5,166.6,37.1,2.6,12.5,39.3,72.1
26,Phedra Mingardi,Orlando Magic,Point Guard,71.0,222.6,31.3,14.4,5.4,76.7,35.3
27,Rosita Kaveney,Portland Trail Blazers,Small Forward,77.4,205.6,12.5,12.8,13.6,59.8,3.4
28,Lulu Habben,Toronto Raptors,Power Forward,67.0,302.3,31.0,10.1,8.3,56.0,86.5
29,Golda Elward,Dallas Mavericks,Small Forward,64.6,262.8,18.9,4.3,2.7,4.1,79.0
30,Sander Juza,Philadelphia 76ers,Center,81.4,214.5,22.2,3.7,12.0,34.3,39.0
31,Farlie Dommersen,Miami Heat,Point Guard,78.2,263.4,4.0,0.3,18.8,66.2,17.1
32,Neely Phuprate,Miami Heat,Center,72.0,266.3,35.5,12.2,17.6,46.8,60.7
33,Lilly Hessing,Memphis Grizzlies,Shooting Guard,69.7,272.1,39.5,2.4,3.1,7.9,6.0
34,Issy Stonestreet,Sacramento Kings,Small Forward,79.2,304.0,8.7,8.7,11.9,3.4,8.5
35,Aimil Christal,Indiana Pacers,Shooting Guard,65.8,344.0,20.0,6.1,18.4,37.9,9.5
36,Stern Cauldwell,San Antonio Spurs,Small Forward,73.0,191.1,10.6,14.3,0.1,58.7,14.5
37,Cleavland Kerby,Utah Jazz,Center,77.4,287.6,30.8,11.6,10.0,94.4,14.0
38,Christos Zelake,Phoenix Suns,Point Guard,63.8,179.4,21.2,9.7,6.9,8.7,62.4
39,Fifi Barrie,Dallas Mavericks,Point Guard,82.1,302.0,36.3,3.9,17.6,71.3,64.7
40,Sibyl Burnside,Utah Jazz,Shooting Guard,73.5,285.4,12.2,11.2,11.2,15.7,77.4
41,Flss Gutman,Utah Jazz,Shooting Guard,80.4,283.0,34.0,0.1,1.5,78.6,77.3
42,Willa Ianni,Portland Trail Blazers,Small Forward,77.4,210.3,30.5,6.4,18.3,12.1,69.9
43,Garrard Iacovolo,New York Knicks,Small Forward,85.6,215.5,32.5,13.5,6.5,48.2,88.2
44,Silvester Bazley,Minnesota Timberwolves,Center,89.3,164.4,39.2,7.8,13.6,30.3,39.0
45,Leone Ousley,San Antonio Spurs,Shooting Guard,83.1,294.9,30.1,0.5,14.5,6.7,45.2
46,Idalia Josefovic,Charlotte Hornets,Small Forward,69.9,158.7,15.1,1.9,11.5,16.3,34.7
47,Niven Reynault,Minnesota Timberwolves,Small Forward,78.4,340.7,39.8,1.2,11.1,32.6,34.8
48,Alex Twyford,Detroit Pistons,Center,84.3,256.4,35.5,7.0,5.4,85.7,13.9
49,Selinda Pretley,Houston Rockets,Point Guard,70.2,199.7,11.1,4.4,7.6,58.4,92.1
50,Christi McKniely,Memphis Grizzlies,Shooting Guard,85.2,186.4,39.4,14.4,6.4,43.1,24.9
51,Cleavland Boyen,Washington Wizards,Power Forward,68.1,323.4,6.7,5.8,9.0,67.8,19.5
52,Drona Corpes,Chicago Bulls,Power Forward,72.1,317.8,4.4,1.5,14.4,67.3,41.5
53,Iggie Winskill,Philadelphia 76ers,Power Forward,85.7,341.6,30.7,12.6,18.2,25.6,28.4
54,Joannes Lyndon,Brooklyn Nets,Shooting Guard,68.3,285.3,4.5,6.1,3.5,26.1,7.6
55,Cazzie Salkeld,New Orleans Pelicans,Point Guard,61.9,295.2,8.2,13.8,14.1,37.5,44.2
56,Sully Mimmack,Charlotte Hornets,Center,72.6,296.0,34.8,2.4,10.7,35.5,52.8
57,Vincent Gumary,Sacramento Kings,Power Forward,66.5,242.3,36.8,14.0,0.8,36.3,53.5
58,Drake Hindsberg,Chicago Bulls,Center,62.3,341.2,40.0,6.5,9.8,73.5,36.6
59,Pall Bish,Los Angeles Lakers,Power Forward,70.1,170.6,3.2,12.4,0.5,12.8,59.4
60,Jed Gowry,Portland Trail Blazers,Point Guard,70.3,185.1,39.3,5.2,9.2,26.3,68.9
61,Nicky Billows,Oklahoma City Thunder,Power Forward,68.0,165.1,29.8,3.4,8.2,2.2,95.5
62,Cece Braywood,Milwaukee Bucks,Power Forward,64.2,254.5,36.5,2.0,7.4,23.5,15.5
63,Wright Trayling,Indiana Pacers,Point Guard,61.7,244.1,2.4,11.6,14.3,83.3,61.1
64,Adams Cusick,San Antonio Spurs,Power Forward,65.9,242.4,7.0,5.2,13.6,19.0,36.0
65,Marielle McCrory,New Orleans Pelicans,Small Forward,61.5,292.3,35.1,6.0,14.4,2.7,62.3
66,Hamil Boncoeur,New York Knicks,Small Forward,88.4,242.8,28.0,5.1,6.7,47.2,32.4
67,Reggy Coxen,Los Angeles Clippers,Shooting Guard,73.9,153.7,4.8,1.9,10.5,54.7,35.9
68,Curry Beardsell,Denver Nuggets,Power Forward,61.2,268.2,5.9,6.0,14.5,99.5,90.8
69,Will McFayden,Phoenix Suns,Center,87.2,164.2,28.3,14.0,10.1,25.5,63.4
70,Kriste Itscovitz,Portland Trail Blazers,Shooting Guard,73.4,265.2,34.6,1.1,2.0,50.1,17.8
71,Gearalt Blaker,Philadelphia 76ers,Center,83.8,298.1,18.1,7.0,11.4,53.4,68.7
72,Ky Ends,Minnesota Timberwolves,Power Forward,63.1,348.2,1.6,6.4,5.8,45.9,29.4
73,Richard Indruch,Milwaukee Bucks,Shooting Guard,77.8,349.5,21.8,9.9,6.3,13.7,38.6
74,Taber Ubsdale,Phoenix Suns,Shooting Guard,83.5,340.7,21.0,10.1,14.6,89.5,50.9
75,Carley Hinemoor,Oklahoma City Thunder,Small Forward,60.1,186.3,7.5,12.0,0.8,78.4,70.2
76,Shirline Durham,New York Knicks,Power Forward,68.3,334.6,12.1,10.5,6.0,33.3,20.2
77,Kristian Longstaffe,Portland Trail Blazers,Shooting Guard,61.6,345.2,21.0,12.8,4.6,18.6,62.0
78,Ailbert Garza,New York Knicks,Power Forward,79.0,281.8,33.6,3.3,13.6,66.7,68.4
79,Clarinda Jachimiak,Detroit Pistons,Small Forward,79.3,216.6,33.7,1.6,16.2,16.2,25.5
80,Loree Eyton,Dallas Mavericks,Power Forward,66.2,159.4,17.0,14.3,13.9,97.3,64.8
81,Charline Udie,Utah Jazz,Center,79.8,333.2,21.4,10.1,17.6,45.3,84.7
82,Geri Getty,New Orleans Pelicans,Small Forward,84.9,259.1,25.5,8.7,9.1,17.0,29.6
83,Eugine Cullum,Sacramento Kings,Small Forward,69.1,315.6,26.4,2.2,1.3,20.5,1.7
84,Otha Glazier,Indiana Pacers,Center,79.9,203.2,17.3,11.9,7.1,58.9,81.3
85,Kandy Basterfield,Memphis Grizzlies,Center,60.5,181.7,18.5,3.6,7.2,96.6,67.5
86,Kenneth Davsley,Golden State Warriors,Point Guard,66.3,293.6,34.5,13.4,0.7,44.9,54.3
87,Effie Schrei,Cleveland Cavaliers,Point Guard,66.9,278.9,4.1,6.9,8.3,78.7,77.1
88,Geneva Paliser,Portland Trail Blazers,Small Forward,82.3,331.6,20.5,9.7,8.1,97.6,87.0
89,Irv Wildt,Brooklyn Nets,Center,63.1,298.8,29.5,9.3,4.7,100.0,48.2
90,Abel Koppelmann,Utah Jazz,Shooting Guard,77.3,317.1,12.5,3.4,18.8,12.6,68.8
91,Gilligan Winnister,Toronto Raptors,Small Forward,75.2,190.4,37.7,0.7,1.0,68.6,82.7
92,Jodie Peattie,Phoenix Suns,Point Guard,69.0,188.5,10.8,2.3,4.4,48.3,88.4
93,Damiano Prentice,Los Angeles Clippers,Small Forward,75.4,155.6,10.0,13.5,13.6,81.3,10.4
94,Gilles MacGaughy,Boston Celtics,Small Forward,62.9,201.8,25.2,10.7,8.7,62.1,42.9
95,Hamid Baildon,Philadelphia 76ers,Center,71.1,280.8,34.6,4.7,8.4,28.3,83.4
96,Clarey Gockeler,Los Angeles Lakers,Center,75.6,274.2,35.7,14.8,12.6,7.0,2.2
97,Willard Pettegre,Toronto Raptors,Shooting Guard,72.9,276.7,30.5,14.7,6.8,53.8,30.2
98,Marylou Craufurd,Brooklyn Nets,Power Forward,62.9,185.2,4.2,14.1,2.1,45.8,33.5
99,Kurtis Stennett,San Antonio Spurs,Small Forward,76.9,337.3,35.0,2.9,8.0,91.4,23.9
100,Ilysa Barkshire,Boston Celtics,Point Guard,73.2,226.5,0.5,4.8,4.3,11.6,5.4
101,Evelyn Jenckes,Memphis Grizzlies,Center,84.6,332.5,1.7,12.1,16.0,88.3,62.7
102,Winnah Oller,Boston Celtics,Small Forward,72.9,163.5,27.8,13.3,3.4,57.2,21.6
103,De witt Bissex,Houston Rockets,Center,85.9,210.8,36.5,5.2,16.1,34.9,98.1
104,Torrence Brunning,Oklahoma City Thunder,Point Guard,89.7,271.9,27.7,2.6,4.6,87.1,16.6
105,Devi Toyne,Dallas Mavericks,Point Guard,85.8,318.6,32.0,6.3,4.3,37.3,0.4
106,Pearla Fingleton,Boston Celtics,Shooting Guard,63.9,299.6,29.3,0.7,18.9,0.9,25.6
107,Stormy Mellish,Brooklyn Nets,Power Forward,61.2,150.5,28.1,8.3,11.9,1.1,32.7
108,Colas Chesterman,New York Knicks,Power Forward,63.0,150.9,9.3,8.9,14.9,82.3,9.3
109,Philip Leehane,Portland Trail Blazers,Power Forward,73.7,263.7,36.0,12.1,3.6,97.6,96.9
110,Marco Murney,Cleveland Cavaliers,Point Guard,81.5,182.3,22.8,3.8,11.4,32.4,1.8
111,Minerva Berry,Charlotte Hornets,Point Guard,84.4,320.1,10.1,13.1,17.2,97.9,40.9
112,Zarah Fardy,Los Angeles Clippers,Shooting Guard,76.5,187.0,36.1,2.1,18.2,84.0,91.4
113,Petronilla Beaston,Milwaukee Bucks,Small Forward,73.2,174.8,5.1,9.6,16.9,76.0,11.4
114,Kylila Walhedd,Atlanta Hawks,Center,65.2,168.8,4.2,10.0,14.0,65.8,44.6
115,Andrew Mathiasen,Atlanta Hawks,Power Forward,84.0,341.4,25.2,6.4,1.2,31.2,35.0
116,Edeline Parkyn,Atlanta Hawks,Power Forward,74.4,247.7,14.9,3.4,18.8,61.6,19.7
117,Abbye Keenlayside,Golden State Warriors,Small Forward,81.0,228.9,39.3,6.4,0.7,82.2,3.2
118,Sherlocke Crack,Oklahoma City Thunder,Center,66.8,204.8,28.5,0.4,3.3,34.5,23.2
119,Kip Vallery,Atlanta Hawks,Shooting Guard,76.8,191.1,3.5,11.7,12.1,81.4,34.9
120,Virge Byatt,Phoenix Suns,Power Forward,81.8,324.8,13.2,10.6,5.7,55.6,69.1
121,Coreen Zanetti,Houston Rockets,Center,73.7,333.2,34.0,2.2,12.0,66.2,62.8
122,Jeanelle Stuckford,Los Angeles Lakers,Small Forward,76.5,246.8,29.8,10.5,5.6,5.4,29.9
123,Dan Flanigan,Houston Rockets,Power Forward,63.8,323.5,28.7,4.1,13.9,99.8,63.4
124,Holly Forrest,Sacramento Kings,Power Forward,63.1,170.6,10.5,11.7,4.1,75.2,51.0
125,Derrik Bartolommeo,Houston Rockets,Power Forward,64.3,178.2,6.9,4.9,2.6,85.1,76.3
126,Jasper Gyford,San Antonio Spurs,Power Forward,71.2,190.3,35.8,2.4,10.3,26.0,68.0
127,Benjamin Lyons,New York Knicks,Small Forward,77.5,230.4,16.0,10.1,15.9,31.2,8.0
128,Sheeree Reek,Atlanta Hawks,Center,79.3,197.4,11.2,7.5,9.2,85.4,78.3
129,Christi Giscken,Dallas Mavericks,Power Forward,65.1,251.6,21.4,0.8,4.3,13.1,46.2
130,Robby Shillabear,Los Angeles Clippers,Small Forward,60.0,331.9,24.1,10.0,18.4,45.9,3.2
131,Sam Dawks,Detroit Pistons,Point Guard,79.6,162.1,3.4,2.0,18.2,53.6,21.3
132,Bertha McSorley,Atlanta Hawks,Small Forward,62.7,233.7,30.3,9.9,7.9,79.6,46.0
133,Arnuad Villiers,Houston Rockets,Shooting Guard,82.2,188.1,25.7,10.7,9.5,78.6,60.4
134,Elliot Brecknell,Dallas Mavericks,Power Forward,86.2,236.8,6.9,13.2,0.0,94.3,71.2
135,Merrill Heater,Los Angeles Clippers,Shooting Guard,78.9,172.5,17.4,7.6,1.2,35.1,2.0
136,Aaren Dingivan,Miami Heat,Power Forward,63.0,155.0,14.9,8.8,12.5,10.9,85.7
137,Wit Senecaux,Atlanta Hawks,Shooting Guard,72.0,239.8,12.0,4.0,18.9,92.6,33.3
138,Sunny Ghelerdini,Detroit Pistons,Center,89.4,336.3,21.7,13.7,9.0,30.7,23.7
139,Maryjo Trahair,Atlanta Hawks,Point Guard,73.1,181.6,13.1,9.6,1.7,67.2,63.0
140,Kit McClaurie,Milwaukee Bucks,Point Guard,85.1,174.8,2.0,8.1,3.1,10.2,84.1
141,Obidiah Cadney,Cleveland Cavaliers,Point Guard,85.5,328.1,7.8,0.5,6.1,62.7,36.3
142,Berry Radenhurst,Oklahoma City Thunder,Shooting Guard,66.9,285.7,26.3,7.2,19.5,8.5,58.1
143,Caron Ossenna,Golden State Warriors,Point Guard,63.3,152.3,27.4,10.8,2.6,4.4,51.4
144,Reina Betty,Miami Heat,Power Forward,60.4,193.0,27.1,3.5,8.7,77.2,76.9
145,Nert Whickman,Orlando Magic,Point Guard,62.0,299.0,39.8,12.3,13.0,73.1,2.1
146,Gwendolyn Lohmeyer,Golden State Warriors,Small Forward,88.7,172.2,7.2,0.3,1.5,37.7,92.2
147,Lucita Duding,Indiana Pacers,Center,80.8,227.7,20.4,6.3,4.4,72.6,32.0
148,Brynne Myderscough,Toronto Raptors,Center,68.0,182.1,1.9,13.2,1.7,9.4,92.3
149,Georgeanne Lautie,Portland Trail Blazers,Shooting Guard,89.4,273.9,8.2,13.3,8.7,17.7,6.7
150,Karry Jeremaes,Golden State Warriors,Shooting Guard,79.4,304.6,15.6,6.5,7.0,28.2,62.0
151,Amabel McGreary,Phoenix Suns,Small Forward,83.0,169.2,13.1,9.6,0.6,56.3,88.8
152,Lanny Jakubovics,Sacramento Kings,Small Forward,85.7,309.9,32.3,4.2,2.2,23.7,65.4
153,Kele Edlyne,Houston Rockets,Shooting Guard,86.3,269.7,8.0,9.9,12.4,55.2,50.5
154,Leticia Philpin,Oklahoma City Thunder,Shooting Guard,76.7,225.0,19.0,3.5,6.5,92.0,91.5
155,Odelle Kollaschek,San Antonio Spurs,Shooting Guard,89.6,234.4,4.6,12.3,6.7,66.8,3.5
156,Ediva Koppke,Boston Celtics,Small Forward,64.8,213.7,38.7,9.4,15.9,9.5,55.5
157,Cilka Finlator,Sacramento Kings,Small Forward,83.8,186.5,15.8,4.9,15.4,21.8,49.9
158,Helena Matteacci,Portland Trail Blazers,Small Forward,65.6,250.4,8.3,7.5,12.8,34.8,25.6
159,Blinny Spink,Philadelphia 76ers,Power Forward,75.2,316.3,32.4,12.8,16.7,61.8,94.3
160,Javier Gallop,Indiana Pacers,Shooting Guard,68.2,178.6,12.5,7.4,1.2,99.0,46.8
161,Cosetta Blackater,Cleveland Cavaliers,Power Forward,62.6,276.0,21.5,7.7,5.6,48.1,77.7
162,Keane Spieck,Utah Jazz,Small Forward,63.4,256.9,8.8,13.7,0.4,69.6,95.1
163,Brinna McIan,Brooklyn Nets,Point Guard,67.4,254.0,23.3,0.2,12.4,55.6,46.7
164,Scotty Basili,Golden State Warriors,Center,83.1,187.6,5.1,11.2,4.2,68.5,2.0
165,Cristionna Akhurst,Atlanta Hawks,Point Guard,89.8,290.2,12.2,10.5,16.7,89.1,95.1
166,Robinet Lyst,Oklahoma City Thunder,Small Forward,61.5,192.2,37.7,8.2,0.6,78.5,53.8
167,Anette Vesty,Milwaukee Bucks,Power Forward,71.1,301.4,4.4,5.2,3.7,46.7,63.8
168,Catriona Bauldrey,Oklahoma City Thunder,Point Guard,75.9,254.4,5.4,3.2,18.2,70.5,9.5
169,Lonnie Maiklem,Cleveland Cavaliers,Center,79.1,310.7,25.3,13.9,19.1,98.8,43.5
170,Miran Bell,Los Angeles Lakers,Small Forward,70.8,328.2,4.9,8.5,5.4,80.8,2.2
171,Linnea Teers,Denver Nuggets,Point Guard,71.9,281.3,8.7,10.6,11.9,80.9,51.6
172,Ambrosio Tordiffe,New York Knicks,Shooting Guard,71.4,215.4,19.9,3.4,14.9,52.5,89.7
173,Noelyn Cudmore,Toronto Raptors,Center,88.0,161.0,21.8,1.7,1.1,35.9,41.7
174,De witt Dewar,Houston Rockets,Point Guard,67.3,296.2,35.8,3.0,18.9,67.7,48.0
175,Forrester Kennerknecht,Milwaukee Bucks,Center,73.9,212.2,34.3,14.4,8.5,66.1,32.1
176,Kennett Pechacek,Los Angeles Clippers,Center,81.5,175.5,15.4,2.0,19.0,83.4,68.1
177,Dita Cowlard,Milwaukee Bucks,Power Forward,84.6,253.1,18.9,4.4,6.8,62.9,28.6
178,Manfred Magovern,Oklahoma City Thunder,Center,77.6,236.1,37.0,8.9,14.0,55.9,61.5
179,Emmalyn Akester,Toronto Raptors,Small Forward,80.1,297.2,28.7,5.7,19.9,43.0,3.9
180,Giustino Hollow,New Orleans Pelicans,Small Forward,86.2,329.8,17.4,7.1,4.4,44.7,34.2
181,Aridatha Lawleff,Atlanta Hawks,Point Guard,61.2,215.8,24.2,12.5,8.7,48.3,32.8
182,Joey Kira,Detroit Pistons,Shooting Guard,78.0,311.1,3.6,10.9,0.1,0.2,34.4
183,Amos Vowells,Milwaukee Bucks,Shooting Guard,75.7,240.9,4.7,0.6,5.5,61.8,6.3
184,Gannie Leeke,Charlotte Hornets,Small Forward,79.5,260.8,33.1,8.8,10.5,9.7,80.0
185,Avivah Thomas,New York Knicks,Center,77.4,306.9,31.8,12.1,18.4,71.0,69.6
186,Winthrop Windrass,Milwaukee Bucks,Small Forward,89.3,265.3,2.6,3.9,9.4,77.3,46.1
187,Rafaelita Passie,San Antonio Spurs,Power Forward,72.8,230.8,4.1,11.3,13.9,63.5,46.0
188,Ewen Cuttin,Minnesota Timberwolves,Small Forward,74.0,168.0,7.2,7.7,6.8,89.8,77.8
189,Mallissa Gethyn,Portland Trail Blazers,Center,62.9,232.3,35.4,5.2,5.0,28.8,72.1
190,Alix Blacktin,San Antonio Spurs,Power Forward,64.1,176.1,5.4,3.3,4.5,48.1,22.9
191,Korrie Bonde,Brooklyn Nets,Point Guard,77.1,178.7,16.2,13.6,1.0,35.5,53.6
192,Ignace Kay,Toronto Raptors,Power Forward,89.7,302.1,29.7,5.8,7.7,40.0,44.1
193,Antonetta Benasik,Milwaukee Bucks,Center,87.3,272.0,8.9,12.6,10.6,53.9,37.9
194,Helene McKennan,Los Angeles Clippers,Point Guard,89.6,251.4,3.0,4.3,3.2,13.2,17.7
195,Gerianne Steanson,Cleveland Cavaliers,Power Forward,89.5,177.8,32.8,13.4,5.6,49.5,33.6
196,Dorri Rheaume,Toronto Raptors,Center,81.9,165.9,9.5,10.4,5.0,62.6,10.8
197,Leighton Charlot,New York Knicks,Center,79.0,192.9,32.0,1.6,14.7,23.8,31.0
198,Randee Dzeniskevich,Toronto Raptors,Small Forward,77.5,302.9,16.8,2.5,0.2,8.2,61.0
199,Sephira Ridesdale,Dallas Mavericks,Shooting Guard,88.3,208.7,36.4,5.9,19.4,67.4,48.8
200,Nikolos Yablsley,Charlotte Hornets,Shooting Guard,81.6,244.4,8.4,1.1,18.3,21.9,98.9
201,Beverlie Ginnelly,Los Angeles Clippers,Point Guard,62.0,182.8,23.3,12.4,7.6,77.6,83.5
202,Demetria Kener,Los Angeles Clippers,Power Forward,89.1,215.0,1.6,10.6,17.4,46.0,24.4
203,Dahlia O'Kieran,Boston Celtics,Power Forward,67.1,308.0,7.3,2.9,10.5,20.1,44.0
204,Budd Giannoni,San Antonio Spurs,Point Guard,85.8,333.8,7.7,1.1,11.9,40.0,42.4
205,Theodora Axten,Washington Wizards,Center,64.0,346.6,20.8,8.5,9.9,12.4,7.3
206,Isaac Soames,Houston Rockets,Shooting Guard,76.2,196.9,2.4,2.8,4.9,49.1,50.1
207,Herculie Farrant,Denver Nuggets,Power Forward,73.9,224.5,16.6,10.7,6.3,14.2,45.7
208,Alessandra Giacovetti,Memphis Grizzlies,Small Forward,77.2,252.0,36.3,6.6,19.8,14.2,51.7
209,Cesare Mahaddy,Utah Jazz,Shooting Guard,88.0,241.1,9.8,7.4,5.5,66.8,43.4
210,Bobette Harmond,Indiana Pacers,Power Forward,70.9,270.1,38.8,6.2,17.0,49.0,78.7
211,Shamus Eborall,Sacramento Kings,Power Forward,82.6,288.4,7.6,7.2,12.2,88.6,72.4
212,Mirabel Van Hault,Phoenix Suns,Shooting Guard,62.2,349.9,4.7,13.3,6.8,45.3,66.6
213,Jojo O'Kerin,Boston Celtics,Shooting Guard,88.1,164.6,1.9,12.2,4.2,46.9,6.7
214,Mikaela Parbrook,Oklahoma City Thunder,Power Forward,61.6,250.4,29.7,6.1,16.6,26.1,0.3
215,Pierette Dadge,Milwaukee Bucks,Shooting Guard,88.7,319.4,38.2,11.8,9.7,92.2,83.5
216,Fancie Torry,Philadelphia 76ers,Center,61.3,243.8,34.5,4.5,3.5,21.8,17.8
217,Kylila Triner,Sacramento Kings,Point Guard,86.7,260.4,31.3,11.5,15.0,93.8,82.6
218,Lorettalorna Coales,New Orleans Pelicans,Small Forward,85.0,292.0,13.6,2.6,3.4,62.8,44.2
219,Holmes Doret,Sacramento Kings,Shooting Guard,68.3,258.2,24.6,0.1,15.8,93.3,44.2
220,Dun Vondrys,Boston Celtics,Center,70.6,309.9,10.9,7.4,7.5,19.1,18.6
221,Dottie Cunnington,Toronto Raptors,Point Guard,79.1,206.3,16.6,4.6,1.4,32.5,8.2
222,Rhett Rosenfelt,Cleveland Cavaliers,Power Forward,69.8,303.5,25.5,2.5,12.6,71.5,54.1
223,Fons Stonebridge,Indiana Pacers,Small Forward,71.8,224.6,24.5,2.9,9.1,68.1,25.7
224,Morley Argyle,Oklahoma City Thunder,Power Forward,76.4,335.5,8.1,13.7,8.0,98.4,38.7
225,Levi Ferney,Golden State Warriors,Power Forward,63.2,195.4,3.7,4.3,19.1,61.5,8.8
226,Sim Turney,Oklahoma City Thunder,Center,71.3,238.8,37.8,11.3,19.0,76.5,31.9
227,Rina Conklin,Denver Nuggets,Point Guard,76.4,156.6,15.0,11.9,4.1,75.7,46.2
228,Sim Copes,Dallas Mavericks,Power Forward,87.9,275.6,17.1,0.8,10.5,14.4,85.9
229,Jeanelle Kielty,Philadelphia 76ers,Center,72.5,270.8,5.4,9.0,19.5,6.4,12.1
230,Penn Collingham,San Antonio Spurs,Center,61.1,297.6,22.6,14.4,12.7,27.3,11.1
231,Gale Gwinnel,Washington Wizards,Power Forward,66.8,334.3,11.5,1.2,13.1,79.3,85.7
232,Kizzee McComb,Utah Jazz,Point Guard,62.0,271.1,34.0,7.2,18.8,11.0,75.9
233,Gilberte Wand,Cleveland Cavaliers,Shooting Guard,67.4,252.1,8.7,12.3,17.6,32.0,35.8
234,Wolf Derbyshire,Chicago Bulls,Power Forward,70.4,205.7,19.6,12.6,5.9,54.5,33.0
235,Jillie Hawksley,Brooklyn Nets,Shooting Guard,60.0,285.7,13.0,14.9,4.9,93.5,79.1
236,Ambrose Playdon,Washington Wizards,Power Forward,73.0,172.1,35.6,12.9,10.9,28.4,65.0
237,Berrie Gostridge,Sacramento Kings,Shooting Guard,64.0,301.2,9.2,10.3,8.6,60.6,74.6
238,Dunstan Chidley,Phoenix Suns,Center,86.9,240.1,30.7,4.4,1.5,40.0,35.0
239,Zena Symcock,Portland Trail Blazers,Center,71.4,159.3,16.7,12.9,15.6,55.3,59.4
240,Tabbie Seeley,Portland Trail Blazers,Power Forward,64.7,256.7,39.8,1.0,17.9,53.2,86.3
241,Ricard Mutimer,Memphis Grizzlies,Power Forward,67.4,278.4,36.9,11.4,8.1,92.3,32.0
242,Deanne Hambright,Golden State Warriors,Point Guard,82.7,235.3,7.1,2.9,19.8,39.7,33.4
243,Chas Bitchener,Washington Wizards,Power Forward,61.9,287.4,9.0,1.6,0.2,85.5,63.4
244,Ezri Dowsing,Indiana Pacers,Point Guard,75.8,223.3,12.0,9.2,19.9,66.3,3.3
245,Joanne MacCathay,Minnesota Timberwolves,Center,63.9,188.0,23.2,8.2,0.8,24.8,70.0
246,Danell De Gregoli,Los Angeles Lakers,Shooting Guard,70.0,238.8,6.5,14.1,19.4,66.1,51.6
247,Emmet Estcourt,Charlotte Hornets,Point Guard,70.9,319.8,39.6,0.7,16.1,68.4,36.6
248,Rolph Chalk,Washington Wizards,Small Forward,85.7,200.7,30.3,12.4,13.4,79.7,84.8
249,Tymon Champ,Charlotte Hornets,Shooting Guard,82.4,195.0,10.5,8.6,10.5,68.2,12.3
250,Francesco Askwith,Philadelphia 76ers,Small Forward,81.5,320.5,36.4,8.7,4.2,8.6,64.7
251,Manya Ludwig,Denver Nuggets,Small Forward,84.2,161.3,6.0,8.4,14.4,60.3,39.7
252,Saleem Dillamore,Boston Celtics,Power Forward,64.6,208.4,19.0,8.3,6.3,93.0,50.6
253,Mabelle Birley,San Antonio Spurs,Shooting Guard,82.4,299.2,15.8,8.9,3.3,3.3,66.0
254,Jacklin Sedgmond,Golden State Warriors,Point Guard,75.9,188.9,27.2,12.7,2.3,24.8,45.8
255,Mahala Ziem,Phoenix Suns,Point Guard,82.6,197.6,37.7,2.5,1.0,48.4,8.1
256,Artair Ferrillo,New York Knicks,Power Forward,83.9,167.6,10.2,13.5,15.1,38.9,92.8
257,Michaelina Treswell,Oklahoma City Thunder,Point Guard,84.5,282.4,16.7,0.6,5.9,36.3,43.4
258,Lynne Takkos,Los Angeles Lakers,Shooting Guard,75.1,271.7,8.0,11.0,8.0,51.2,70.9
259,Rita Simionescu,New York Knicks,Shooting Guard,72.3,190.1,11.8,4.0,2.1,1.6,5.9
260,Lyman McClifferty,Chicago Bulls,Small Forward,85.2,343.5,25.4,9.1,18.7,14.0,4.7
261,Baxy Lyddon,Boston Celtics,Point Guard,78.1,197.0,36.5,3.6,10.6,14.2,21.7
262,Val Shwalbe,Utah Jazz,Center,66.1,237.2,36.0,10.6,2.4,76.3,36.8
263,Goldarina Rown,Charlotte Hornets,Power Forward,89.7,265.3,8.1,13.1,10.3,72.6,37.2
264,Bartholemy Symmons,Toronto Raptors,Power Forward,81.2,291.1,27.6,8.5,0.7,29.3,44.4
265,Roseann Spring,San Antonio Spurs,Power Forward,76.9,236.8,32.9,1.4,17.7,94.2,70.1
266,Mychal Etock,Washington Wizards,Power Forward,72.6,349.0,26.0,2.5,5.4,91.4,69.0
267,Ashleigh McMorran,Brooklyn Nets,Small Forward,75.5,208.1,18.3,1.8,11.2,28.3,12.8
268,Sargent Horsewood,Milwaukee Bucks,Shooting Guard,63.4,193.1,27.7,10.1,9.0,93.8,60.6
269,Karalee McGettigan,Charlotte Hornets,Small Forward,61.2,221.9,31.5,12.4,16.6,15.8,4.0
270,Antonius Ferrarone,Washington Wizards,Small Forward,89.0,342.0,14.6,1.2,6.5,60.3,73.4
271,Alidia Willshaw,New Orleans Pelicans,Small Forward,84.0,287.6,4.9,11.4,14.0,89.8,93.7
272,Dixie Pooly,Utah Jazz,Shooting Guard,64.3,161.6,28.8,2.5,6.4,78.3,59.0
273,Monti Cleave,Cleveland Cavaliers,Power Forward,73.2,296.9,3.4,1.0,16.6,47.5,24.2
274,Abagael Lorne,Milwaukee Bucks,Point Guard,73.6,344.8,33.4,6.4,2.3,58.9,65.7
275,Anatol Pitkaithly,Cleveland Cavaliers,Power Forward,69.1,168.5,22.0,8.5,13.8,39.7,92.5
276,Gerri Streets,Dallas Mavericks,Small Forward,74.3,226.3,30.1,10.7,0.2,98.1,48.0
277,Adelina Thurston,Portland Trail Blazers,Point Guard,85.6,221.7,28.9,4.1,7.4,84.8,83.2
278,Rollin Gilbert,Chicago Bulls,Small Forward,74.6,288.1,11.8,8.0,19.9,81.2,78.4
279,Ailene Hounsom,Oklahoma City Thunder,Power Forward,85.9,245.1,14.6,8.9,6.4,71.5,2.5
280,Vincenz Brucker,New Orleans Pelicans,Small Forward,63.7,189.4,36.3,8.1,14.7,49.0,52.7
281,Bibbye Conrad,Dallas Mavericks,Point Guard,64.9,309.0,26.9,9.8,17.2,41.3,18.3
282,Richmond Braham,Minnesota Timberwolves,Small Forward,89.1,181.7,31.9,5.9,9.1,98.7,26.5
283,Neala Skuse,Toronto Raptors,Small Forward,73.3,338.6,24.8,8.8,7.9,96.6,20.7
284,Marion Fosdick,Miami Heat,Center,70.1,261.9,15.3,4.0,7.7,37.5,2.5
285,Aida Cuchey,San Antonio Spurs,Center,62.7,219.4,39.7,3.4,2.3,93.4,70.6
286,Hamilton Vaneev,Houston Rockets,Small Forward,70.1,264.8,10.5,3.1,6.7,25.0,48.9
287,Wilmer De La Coste,Sacramento Kings,Power Forward,84.1,155.2,0.5,4.2,15.0,81.2,94.2
288,Kellen Thackeray,Atlanta Hawks,Center,77.3,232.8,31.2,11.4,1.8,86.4,44.8
289,Tris Zimek,Chicago Bulls,Point Guard,67.9,328.9,25.3,6.5,0.5,27.5,78.6
290,Loree Gook,Boston Celtics,Shooting Guard,67.4,281.1,19.3,1.4,2.2,86.5,83.3
291,Dino Buyers,Sacramento Kings,Small Forward,86.6,290.1,9.8,13.2,7.9,17.4,37.6
292,Rodi Pawling,Miami Heat,Center,80.3,347.2,23.9,8.3,7.7,71.6,45.7
293,Sig Yapp,Dallas Mavericks,Power Forward,75.3,155.6,25.0,5.6,3.7,50.3,62.5
294,Barrett Flicker,Boston Celtics,Small Forward,68.3,255.0,30.4,13.2,2.2,84.0,90.9
295,Gerry Causnett,Atlanta Hawks,Point Guard,77.5,271.4,34.2,14.1,10.6,66.6,12.4
296,Bron Lago,Phoenix Suns,Point Guard,62.5,161.6,29.4,13.7,10.7,29.8,71.8
297,Mel Kingwell,Los Angeles Lakers,Power Forward,70.7,214.0,9.1,5.5,0.7,64.9,14.0
298,Gamaliel Chopping,Los Angeles Clippers,Small Forward,74.2,325.7,14.5,11.8,6.8,31.9,79.1
299,Cathlene Thurlow,Portland Trail Blazers,Center,80.5,164.5,15.4,7.8,9.3,9.1,94.3
300,Ahmad Fewell,Houston Rockets,Small Forward,85.1,317.5,14.4,14.2,9.9,87.9,2.2
301,Heall McCullum,Oklahoma City Thunder,Power Forward,67.1,282.6,15.9,6.3,18.3,60.0,74.3
302,Ashely Oldcroft,Los Angeles Lakers,Point Guard,66.3,260.8,28.7,4.0,19.6,21.2,49.1
303,Jess Harken,New York Knicks,Shooting Guard,68.2,237.2,20.9,10.5,5.2,7.0,54.3
304,Denise Shepcutt,Los Angeles Lakers,Center,68.2,262.7,18.7,4.5,1.5,3.9,80.4
305,Barde Castillon,Minnesota Timberwolves,Center,74.2,309.1,19.9,0.1,18.3,38.8,75.2
306,Ema Reader,Golden State Warriors,Small Forward,76.2,234.6,15.1,14.3,11.4,17.9,23.9
307,Mildred Mallabund,Golden State Warriors,Center,80.7,326.2,7.6,9.7,13.4,71.6,17.0
308,Dacia Philippard,San Antonio Spurs,Shooting Guard,72.1,239.6,26.3,9.5,1.6,59.7,72.1
309,Matthieu Smylie,Washington Wizards,Small Forward,79.2,152.4,35.6,7.7,5.0,27.1,40.3
310,Deb Emby,Houston Rockets,Center,70.9,324.7,7.7,11.3,19.9,5.1,51.6
311,Chaddy Edards,Phoenix Suns,Small Forward,62.1,226.7,6.9,9.4,8.1,51.7,88.4
312,Olag Teas,Oklahoma City Thunder,Center,69.9,262.6,10.7,4.6,16.3,29.8,45.0
313,Tommi Puttrell,Phoenix Suns,Power Forward,64.7,301.6,38.0,13.8,19.7,24.2,56.8
314,Urban Seivwright,Washington Wizards,Center,87.8,346.9,21.4,4.5,15.1,93.4,69.9
315,Berta Dyster,Oklahoma City Thunder,Point Guard,76.0,178.8,38.0,0.8,1.9,33.7,1.2
316,Sterling Boyse,Minnesota Timberwolves,Small Forward,87.0,317.2,37.9,6.1,10.0,84.8,18.4
317,Symon Ledram,Sacramento Kings,Small Forward,65.3,320.1,37.6,7.4,7.6,93.4,26.9
318,Erick Cranham,Miami Heat,Power Forward,86.5,334.4,14.5,14.1,7.1,84.6,32.9
319,Mahmud Merricks,Atlanta Hawks,Small Forward,86.0,191.8,32.7,3.4,1.2,25.0,13.0
320,Marchelle Darlington,Toronto Raptors,Point Guard,66.2,270.9,3.6,5.4,18.9,60.1,84.7
321,Mureil Shimman,Denver Nuggets,Center,69.0,322.7,17.1,5.6,4.9,79.7,77.7
322,Eleanore Daymont,Brooklyn Nets,Point Guard,60.8,235.3,26.0,5.2,1.1,94.8,10.1
323,Pamella Filler,Orlando Magic,Small Forward,70.9,340.6,36.7,10.1,8.6,20.2,49.0
324,Sydney Rudiger,Oklahoma City Thunder,Small Forward,88.0,161.1,24.8,9.0,13.9,78.4,96.6
325,Codie Cameli,Miami Heat,Point Guard,77.5,317.6,36.2,11.2,2.0,90.0,79.9
326,Dyann Sanger,Portland Trail Blazers,Center,68.3,183.0,11.6,3.7,17.8,74.1,82.1
327,Pavla Bliven,Detroit Pistons,Small Forward,77.1,254.9,36.0,5.2,19.9,60.5,8.6
328,Leesa Mapham,Chicago Bulls,Power Forward,80.6,171.8,30.9,3.0,12.2,53.6,10.1
329,Clevey Chanders,Los Angeles Clippers,Point Guard,64.2,250.8,6.9,12.6,8.3,2.1,84.0
330,Danyette Cheesman,Memphis Grizzlies,Point Guard,72.3,166.5,2.8,6.9,0.7,46.1,11.6
331,Bernetta Ygou,Golden State Warriors,Point Guard,61.3,251.0,2.9,2.4,16.9,4.4,54.9
332,Laurence Yeates,Cleveland Cavaliers,Small Forward,83.4,273.2,38.1,13.6,15.2,24.9,75.6
333,Cleavland Mumford,Los Angeles Lakers,Center,67.0,169.9,35.9,14.9,4.2,62.3,34.2
334,Ulric Pridding,Portland Trail Blazers,Small Forward,84.8,213.9,7.1,0.4,16.3,82.9,81.9
335,Bevan Klassman,Miami Heat,Small Forward,76.2,235.9,6.8,5.4,2.2,25.9,16.2
336,Daphna Landrieu,Atlanta Hawks,Center,69.9,159.6,38.1,5.9,19.1,45.0,8.9
337,Carina Orrey,Brooklyn Nets,Center,62.7,281.7,18.8,12.3,2.0,39.8,7.8
338,Rochell Jellis,Atlanta Hawks,Point Guard,87.7,240.0,14.8,12.6,13.2,92.5,25.5
339,Rodi Monkley,Detroit Pistons,Center,86.1,170.9,10.8,9.4,7.9,13.0,45.1
340,Ephrem Cona,Toronto Raptors,Small Forward,86.8,217.8,23.5,10.6,11.6,52.0,20.6
341,Felicio Simonaitis,Miami Heat,Shooting Guard,61.2,206.6,34.5,3.0,14.4,61.4,75.6
342,Mersey Shewon,Chicago Bulls,Small Forward,68.3,188.6,37.4,13.3,7.9,99.8,50.6
343,Candis Causnett,Detroit Pistons,Shooting Guard,74.5,324.6,3.7,8.4,11.5,71.4,88.2
344,Adella Dutson,Brooklyn Nets,Center,72.2,334.2,34.3,10.2,8.8,68.9,16.1
345,Corrianne Zanazzi,Charlotte Hornets,Shooting Guard,73.4,173.2,26.7,12.6,6.6,55.5,54.2
346,Helen-elizabeth Mennithorp,Oklahoma City Thunder,Center,64.6,307.3,23.2,14.6,2.5,80.9,2.3
347,Janean Kuhlen,Atlanta Hawks,Center,82.7,289.8,25.7,2.1,18.8,54.2,79.8
348,Eda Rookesby,Houston Rockets,Power Forward,81.6,173.7,14.1,11.5,5.9,71.1,38.3
349,Adair Maliffe,Charlotte Hornets,Small Forward,80.8,292.0,25.6,6.5,12.5,24.7,40.4
350,Terencio Boyfield,Sacramento Kings,Shooting Guard,61.1,276.5,34.1,1.7,4.6,78.8,69.2
351,Flory Levinge,Oklahoma City Thunder,Point Guard,66.5,207.8,11.7,12.8,10.7,70.4,86.6
352,Rahel McGeown,Golden State Warriors,Shooting Guard,64.3,321.1,10.0,6.3,5.1,73.6,92.4
353,Karon Doy,Toronto Raptors,Point Guard,81.8,184.5,3.2,2.8,13.2,75.9,89.5
354,Charmane Vasechkin,Denver Nuggets,Point Guard,66.3,195.6,8.8,10.1,7.1,63.4,78.1
355,Gail Martinet,Oklahoma City Thunder,Point Guard,86.2,320.5,34.3,9.2,9.5,59.5,29.3
356,Enriqueta Turton,Orlando Magic,Center,74.3,188.4,23.0,2.9,9.7,43.3,62.8
357,Mahmud Kunzelmann,Detroit Pistons,Point Guard,71.7,211.0,27.9,2.9,9.6,89.8,42.9
358,Aubrey Lowndes,Atlanta Hawks,Shooting Guard,64.7,201.5,24.9,6.9,10.6,49.5,66.0
359,Tabb Tatnell,Orlando Magic,Point Guard,65.6,165.7,2.1,7.4,14.6,52.9,63.3
360,Willard Woolgar,Orlando Magic,Center,75.5,273.3,39.4,9.0,13.1,50.1,42.6
361,Roxane Dameisele,Orlando Magic,Shooting Guard,69.9,159.8,3.2,0.0,17.7,7.9,9.6
362,Mile Hinze,Detroit Pistons,Center,77.3,336.8,37.5,11.5,8.5,18.6,46.0
363,Nessa Dronsfield,Washington Wizards,Power Forward,70.2,223.2,4.3,6.0,12.6,44.8,26.2
364,Moore Leaburn,Utah Jazz,Small Forward,68.3,176.6,2.0,9.8,20.0,92.4,88.4
365,Orrin Minshall,Golden State Warriors,Shooting Guard,65.5,268.2,19.8,9.5,3.5,58.3,24.5
366,Hurley Kneel,Philadelphia 76ers,Point Guard,88.8,271.1,30.4,12.8,1.2,51.3,7.2
367,Clemmy Itschakov,Minnesota Timberwolves,Small Forward,85.0,232.0,8.6,2.5,10.3,36.4,32.8
368,Cherish Fackney,Washington Wizards,Small Forward,61.9,211.3,11.1,11.8,17.0,27.2,33.5
369,Marlow Franceschelli,Minnesota Timberwolves,Power Forward,72.0,219.2,29.4,4.6,7.6,29.8,52.9
370,Salvador Hlavac,Cleveland Cavaliers,Power Forward,78.3,288.9,36.0,1.7,7.6,69.6,79.1
371,Vivian Semkins,Los Angeles Lakers,Power Forward,80.9,294.1,39.9,10.0,2.1,18.2,99.9
372,Gussi Peat,Minnesota Timberwolves,Shooting Guard,76.4,164.9,9.3,2.3,12.9,16.7,92.7
373,Silvan Bridgeman,Denver Nuggets,Small Forward,60.9,150.9,4.8,1.3,9.1,25.7,99.2
374,Federica Harrigan,Toronto Raptors,Shooting Guard,83.9,173.9,23.1,8.1,8.7,35.4,16.4
375,Hillary Stangoe,Minnesota Timberwolves,Power Forward,73.1,344.8,32.7,7.3,11.4,8.1,81.6
376,Ashlin Stanbra,Charlotte Hornets,Point Guard,70.3,163.5,12.9,3.5,1.2,82.8,75.9
377,Wilie Brend,Golden State Warriors,Point Guard,70.6,314.2,38.5,1.1,0.7,13.1,95.8
378,Mignonne Chalfont,Washington Wizards,Small Forward,69.8,179.3,14.8,14.5,6.1,40.1,12.2
379,Elsey Pfeuffer,Portland Trail Blazers,Shooting Guard,66.7,323.9,23.0,5.2,6.4,85.1,20.1
380,Sonny Lutwyche,Detroit Pistons,Power Forward,81.0,194.8,34.2,14.7,19.1,33.5,99.1
381,Murvyn Mil,Minnesota Timberwolves,Center,74.4,339.1,34.4,1.2,1.7,74.9,53.5
382,Hannis Comettoi,Cleveland Cavaliers,Center,86.9,316.7,15.7,2.6,19.2,77.3,49.2
383,Karol Cano,Indiana Pacers,Power Forward,78.3,343.6,18.2,3.8,16.5,9.9,98.7
384,Leelah Grishinov,Memphis Grizzlies,Small Forward,81.8,292.6,33.0,10.2,9.7,66.0,72.9
385,Gaven Drinkel,Chicago Bulls,Shooting Guard,88.3,297.3,33.8,5.8,14.7,65.7,74.5
386,Bax Ruddell,Sacramento Kings,Point Guard,73.2,194.9,24.9,12.9,15.0,45.0,98.4
387,Hank Dormon,Chicago Bulls,Center,80.3,271.1,8.7,4.1,19.4,17.5,25.5
388,Aluino Farbrother,Los Angeles Clippers,Power Forward,67.4,336.3,31.4,14.5,16.4,72.3,13.4
389,Jacquelyn Deyes,Sacramento Kings,Power Forward,67.1,209.0,31.9,5.7,11.5,21.9,18.8
390,Sibby Port,New Orleans Pelicans,Power Forward,63.4,175.7,30.8,5.2,14.8,86.1,96.5
391,Lind Laible,Minnesota Timberwolves,Small Forward,69.3,191.8,21.5,10.4,11.2,97.4,62.9
392,Hoyt Stealey,Washington Wizards,Center,82.2,153.3,39.7,13.3,18.3,40.7,52.2
393,Niels Colley,Minnesota Timberwolves,Power Forward,79.9,154.5,26.1,0.5,19.8,90.2,33.8
394,Tremayne Furby,Toronto Raptors,Shooting Guard,77.6,166.9,22.8,10.0,8.6,11.3,5.6
395,Arluene Khristoforov,Dallas Mavericks,Shooting Guard,66.5,245.6,9.0,11.4,3.4,78.2,69.4
396,Ethelbert Thorald,Phoenix Suns,Center,67.9,218.1,14.2,9.5,19.5,61.3,78.5
397,Cthrine Valde,Oklahoma City Thunder,Point Guard,70.9,167.7,16.0,6.0,7.4,10.7,48.3
398,Genevieve Thursby,Miami Heat,Power Forward,81.9,217.5,15.5,4.1,10.7,29.9,20.3
399,Lonny O' Mullane,Houston Rockets,Shooting Guard,87.8,154.8,25.3,9.9,10.7,98.5,48.6
400,Lynnett Kirton,Brooklyn Nets,Power Forward,66.6,342.5,17.7,0.2,16.5,21.6,58.4
401,Charo Cleveland,New York Knicks,Shooting Guard,68.8,250.7,12.7,10.3,6.7,96.0,14.7
402,Madeleine Little,New York Knicks,Point Guard,88.6,260.0,10.4,11.6,6.2,44.6,12.4
403,Arabel Aronoff,Utah Jazz,Small Forward,63.9,226.3,36.3,14.1,7.5,94.7,77.7
404,Sunny Rabjohn,Portland Trail Blazers,Small Forward,75.4,317.8,34.9,7.1,6.2,83.5,57.7
405,Jill Bilofsky,Atlanta Hawks,Small Forward,83.0,174.4,24.7,1.0,5.2,75.9,17.2
406,Dru Annable,Utah Jazz,Small Forward,61.9,304.3,39.5,6.7,8.1,65.8,68.8
407,Pam Hastwall,Atlanta Hawks,Small Forward,72.8,261.8,37.9,8.4,19.1,37.0,98.0
408,Dareen China,Indiana Pacers,Power Forward,82.4,205.8,15.9,13.5,7.3,40.5,38.0
409,Thacher Godsal,Milwaukee Bucks,Small Forward,85.4,209.9,19.1,5.4,12.2,94.8,18.4
410,Karisa Burnell,Charlotte Hornets,Power Forward,84.8,329.7,29.2,13.7,15.1,39.4,71.5
411,Dedra Olyet,Chicago Bulls,Center,60.7,154.1,30.6,1.1,3.9,48.6,11.9
412,Phineas Tippett,Golden State Warriors,Power Forward,82.1,328.4,1.0,7.5,16.7,24.9,67.7
413,Virgie Novkovic,Los Angeles Clippers,Shooting Guard,89.0,209.8,32.4,13.1,15.8,39.6,92.7
414,Keeley Lorans,New York Knicks,Shooting Guard,64.9,303.0,37.5,14.9,0.2,58.6,55.7
415,Mark Rakestraw,Denver Nuggets,Power Forward,86.4,325.4,18.1,12.1,2.1,89.4,17.5
416,Denni Reinhardt,Brooklyn Nets,Power Forward,81.9,183.1,1.6,4.8,5.1,48.4,26.4
417,Amara Banishevitz,Golden State Warriors,Small Forward,84.6,223.4,16.3,2.6,7.8,22.6,50.6
418,Dewey Pourveer,Brooklyn Nets,Small Forward,61.4,205.5,4.2,3.4,3.7,78.8,11.4
419,Adelice Glenton,New York Knicks,Point Guard,70.1,311.8,30.9,5.1,9.0,29.3,24.3
420,Ozzie Begwell,Oklahoma City Thunder,Small Forward,86.4,181.0,37.1,0.5,10.2,20.1,83.8
421,Sigismundo Tomasian,Orlando Magic,Shooting Guard,63.4,303.9,33.6,14.4,8.2,83.6,86.1
422,Mehetabel Wasiela,Charlotte Hornets,Center,63.1,196.7,16.0,4.4,6.5,45.3,31.8
423,Kingsley Caught,Oklahoma City Thunder,Shooting Guard,62.1,217.5,24.9,7.6,3.8,1.8,68.5
424,Hilary Luciani,Cleveland Cavaliers,Center,85.3,161.4,10.5,12.9,9.2,55.0,6.3
425,Ashia Cordero,Detroit Pistons,Point Guard,87.3,318.0,5.3,10.1,17.0,92.6,74.1
426,Ingamar Fawlo,Houston Rockets,Small Forward,74.8,316.5,28.6,3.8,9.2,89.4,38.7
427,Timothee Robillard,San Antonio Spurs,Shooting Guard,86.3,273.0,36.2,4.7,12.3,45.0,0.7
428,Yuma Le Prevost,Portland Trail Blazers,Point Guard,68.2,272.7,2.3,10.6,10.4,18.8,25.0
429,Flossy Ellwand,Dallas Mavericks,Point Guard,61.5,251.3,2.7,4.5,10.6,3.2,49.6
430,Fidelia Geffcock,New York Knicks,Point Guard,86.3,312.8,34.3,7.7,7.0,4.1,50.5
431,Jillene Gulland,New Orleans Pelicans,Point Guard,61.9,286.8,23.2,8.1,2.9,91.4,35.1
432,Audra Arnott,Utah Jazz,Point Guard,75.5,157.5,27.9,9.1,9.3,19.8,18.4
433,Suzann Plomer,Atlanta Hawks,Small Forward,62.7,225.1,22.7,12.8,1.7,44.4,17.0
434,Calypso Heintze,Charlotte Hornets,Power Forward,68.3,341.2,8.2,8.4,7.0,59.8,86.2
435,Davida Lemarie,Detroit Pistons,Point Guard,89.8,203.7,31.4,0.9,13.5,66.0,28.7
436,Jasun Sandcroft,Minnesota Timberwolves,Small Forward,84.4,305.4,24.4,2.7,9.4,40.9,12.9
437,Townsend Lebel,Orlando Magic,Shooting Guard,65.2,294.4,1.6,6.1,8.2,54.2,58.6
438,Torie Gibbetts,Toronto Raptors,Shooting Guard,72.5,225.6,10.9,14.0,3.3,97.2,28.8
439,Laurence Taffe,Detroit Pistons,Point Guard,62.1,238.3,12.6,0.4,7.7,60.2,90.8
440,Gabby Lugg,Orlando Magic,Power Forward,72.3,262.6,18.9,13.2,18.4,62.5,36.4
441,Zechariah Phippin,Utah Jazz,Center,71.3,206.7,9.3,3.5,4.0,65.4,92.9
442,Ellissa Goodreid,Orlando Magic,Shooting Guard,65.5,339.7,17.6,2.1,6.3,93.4,8.1
443,Filia Macconachy,Portland Trail Blazers,Point Guard,75.1,304.9,16.8,5.0,4.0,6.4,94.6
444,Jackson Marte,Memphis Grizzlies,Power Forward,73.4,201.7,39.7,13.1,7.8,57.5,86.2
445,Clare Dodds,Boston Celtics,Small Forward,73.3,190.8,16.0,6.3,10.5,82.0,27.4
446,Tallie Pennick,Los Angeles Lakers,Shooting Guard,88.2,202.1,38.3,9.6,0.5,64.3,69.6
447,Torin MacKnockiter,Denver Nuggets,Power Forward,65.6,210.5,15.0,5.9,11.8,0.8,50.5
448,Griffith Kilbourn,Charlotte Hornets,Center,64.7,281.5,0.3,2.1,19.1,30.3,93.2
449,Cullie Patmore,Charlotte Hornets,Point Guard,88.0,232.9,24.5,3.3,16.3,93.1,31.9
450,Nolly Bourrel,New York Knicks,Power Forward,72.5,291.5,13.8,6.3,7.1,47.9,74.5
451,Constanta Gotcliff,New Orleans Pelicans,Power Forward,73.0,191.5,23.9,7.6,2.5,47.8,43.5
452,Lolly Landsbury,Boston Celtics,Point Guard,68.2,235.7,28.9,9.2,1.1,85.5,24.9
453,Vinson Avann,Utah Jazz,Shooting Guard,69.6,278.2,25.7,13.4,19.1,19.1,0.4
454,Karita Boylin,Utah Jazz,Center,80.4,203.7,31.7,10.1,11.8,92.2,66.5
455,Perle West,Oklahoma City Thunder,Small Forward,88.1,267.5,25.3,12.2,12.4,43.5,26.3
456,Marlena Dunlop,Miami Heat,Center,66.3,219.3,36.7,2.0,6.5,77.9,85.3
457,Vinny Brede,Portland Trail Blazers,Power Forward,62.8,211.9,9.9,6.8,19.1,37.3,73.1
458,Doralyn Glanfield,Denver Nuggets,Shooting Guard,83.4,264.1,24.0,12.8,13.5,62.5,90.5
459,Modesty Baigent,Utah Jazz,Shooting Guard,89.4,183.3,9.6,7.3,12.1,78.2,36.5
460,Giovanni Juris,Minnesota Timberwolves,Point Guard,81.5,168.4,22.6,10.3,12.1,90.1,22.1
461,Mackenzie Ordemann,Oklahoma City Thunder,Point Guard,61.5,163.0,4.4,12.6,16.6,91.7,70.7
462,Bealle Healy,Detroit Pistons,Center,69.7,272.4,20.1,3.3,15.2,65.1,60.8
463,Wood Clamp,Indiana Pacers,Center,73.2,185.4,9.1,1.2,7.0,6.7,74.5
464,Kailey Trathen,Charlotte Hornets,Shooting Guard,62.2,153.7,39.2,4.4,4.3,25.9,49.7
465,Doti Lemin,Houston Rockets,Shooting Guard,65.9,162.3,33.4,5.0,18.6,70.0,69.9
466,Shelley Eborn,Atlanta Hawks,Small Forward,64.6,194.3,24.6,6.7,9.8,81.1,54.3
467,Verina Gotfrey,San Antonio Spurs,Point Guard,62.0,322.1,28.4,0.6,16.1,56.6,77.0
468,Hinda Fenelon,Oklahoma City Thunder,Center,88.8,288.5,32.3,9.3,8.4,60.8,61.0
469,Bertina Pettican,Portland Trail Blazers,Shooting Guard,67.2,259.8,19.2,6.4,2.1,57.6,9.7
470,Andres Colerick,Minnesota Timberwolves,Center,86.0,201.2,33.9,1.5,11.8,99.1,46.4
471,Caesar Monahan,Atlanta Hawks,Point Guard,76.7,294.6,28.7,2.8,18.5,55.8,62.7
472,Pierson Doget,Washington Wizards,Point Guard,66.3,218.0,6.4,14.4,2.2,30.2,76.5
473,Mikael Bancroft,Minnesota Timberwolves,Small Forward,60.8,152.0,9.7,11.2,3.3,30.3,81.1
474,Tad Sheaf,New Orleans Pelicans,Small Forward,80.2,331.9,27.3,8.0,2.8,28.8,13.3
475,Sascha Joincey,Dallas Mavericks,Shooting Guard,75.7,269.3,27.3,2.2,14.4,88.2,44.4
476,Horatius Kernermann,Sacramento Kings,Point Guard,77.7,252.5,11.8,13.5,7.0,62.3,74.1
477,Corny Lemmanbie,Los Angeles Lakers,Shooting Guard,79.4,204.0,29.6,1.5,13.1,2.6,22.1
478,Eadie Laviste,Detroit Pistons,Shooting Guard,75.9,319.5,35.4,9.8,10.1,1.9,87.8
479,Feodor Brydone,Minnesota Timberwolves,Center,69.9,156.8,12.4,8.4,19.4,8.6,22.6
480,Bonnee Skate,New York Knicks,Power Forward,74.7,341.8,22.0,0.5,6.4,5.5,44.9
481,Trudey Forshaw,Minnesota Timberwolves,Shooting Guard,89.7,284.3,34.9,7.6,0.0,88.4,1.5
482,Essie Piotrkowski,Boston Celtics,Small Forward,80.0,196.2,0.3,6.6,18.7,52.1,94.6
483,Roanne LeEstut,Miami Heat,Point Guard,82.2,267.0,28.9,6.5,12.5,79.8,4.1
484,Fabiano Brabben,Miami Heat,Power Forward,78.3,323.7,0.2,2.1,17.2,22.6,38.8
485,Cass Klaggeman,Los Angeles Clippers,Power Forward,87.3,287.3,26.4,4.3,14.0,38.1,35.0
486,Nesta Healeas,New York Knicks,Small Forward,89.4,316.8,3.2,9.3,1.9,7.8,53.9
487,Toma Crumb,Los Angeles Clippers,Shooting Guard,67.7,223.4,13.0,9.2,10.7,31.8,27.9
488,Simonette Sempill,Brooklyn Nets,Point Guard,82.6,279.6,24.0,12.4,3.0,99.9,50.1
489,Linnie Althrop,Toronto Raptors,Center,60.4,247.0,3.2,3.4,2.4,47.8,35.0
490,Dilan Woodroof,Cleveland Cavaliers,Small Forward,75.6,308.3,18.6,3.9,17.5,52.8,37.3
491,Zitella Peerman,Toronto Raptors,Center,88.7,347.9,11.0,9.1,8.5,19.5,74.2
492,Georgeta Gullberg,Indiana Pacers,Small Forward,87.6,348.2,26.7,13.3,16.5,34.6,65.1
493,Vance Farfull,Boston Celtics,Shooting Guard,72.2,195.3,28.4,1.9,13.2,75.4,38.4
494,Jerrold Baynham,Chicago Bulls,Point Guard,86.6,226.9,18.9,7.8,14.2,93.7,22.1
495,Nelie Care,New York Knicks,Center,71.8,343.2,22.6,14.6,9.5,80.2,91.5
496,Whitney Franses,Philadelphia 76ers,Small Forward,65.7,174.5,13.8,12.8,12.8,0.5,2.2
497,Angele Lambregts,New Orleans Pelicans,Power Forward,73.0,293.4,29.5,6.1,2.2,13.6,5.9
498,Ulrike Magrannell,Los Angeles Lakers,Shooting Guard,89.1,218.9,8.5,14.9,3.1,42.4,57.5
499,Corinne Pietron,Houston Rockets,Small Forward,60.5,244.0,29.4,3.2,19.2,33.2,22.6
500,Melvyn Tixier,Philadelphia 76ers,Small Forward,67.1,215.2,29.6,11.8,13.4,40.8,90.1
501,Bibby Godly,Charlotte Hornets,Small Forward,70.9,267.9,35.1,13.5,5.0,18.0,58.4
502,Selinda Bilovsky,Cleveland Cavaliers,Shooting Guard,67.0,251.3,12.5,13.9,11.9,57.0,47.3
503,Nicholas Slyvester,Toronto Raptors,Center,85.2,263.1,11.3,9.4,2.8,77.8,54.0
504,Lynnet Chinge,Golden State Warriors,Point Guard,71.0,244.5,24.1,5.4,17.2,30.3,51.2
505,Sandye Merriott,Oklahoma City Thunder,Center,80.0,320.7,14.4,2.9,7.1,57.6,2.6
506,Nathan Retallack,Portland Trail Blazers,Power Forward,85.2,247.2,17.7,6.0,16.9,9.9,58.2
507,Rudie Prynne,Cleveland Cavaliers,Small Forward,85.4,330.8,14.1,6.1,15.7,20.5,41.3
508,Korey Warman,New Orleans Pelicans,Point Guard,89.2,276.7,39.1,14.8,10.3,51.6,45.3
509,Kass Veelers,San Antonio Spurs,Small Forward,84.1,311.6,14.8,7.8,10.7,45.9,72.7
510,Daniella Sedge,Houston Rockets,Small Forward,84.1,270.4,6.7,6.1,6.7,91.8,5.7
511,Tarah Jurgen,Atlanta Hawks,Small Forward,68.7,172.9,30.5,6.3,2.5,22.2,11.4
512,Napoleon Baber,Washington Wizards,Point Guard,88.4,228.7,25.6,2.5,18.6,33.7,4.1
513,Estrella Scoggins,Charlotte Hornets,Shooting Guard,63.7,293.8,25.6,8.3,8.2,12.4,70.7
514,Bart Bater,Memphis Grizzlies,Power Forward,89.3,178.5,28.1,9.8,14.4,53.3,4.3
515,Sissie Vanderson,Sacramento Kings,Center,87.4,278.4,19.7,4.0,18.2,46.0,29.3
516,Florence Tokell,Detroit Pistons,Small Forward,87.1,310.8,14.1,11.6,2.3,1.2,31.2
517,Willem Scadding,Milwaukee Bucks,Shooting Guard,79.2,150.2,19.1,6.1,9.2,37.5,6.7
518,Lona Ianson,Boston Celtics,Small Forward,86.0,299.4,29.3,14.3,11.6,15.2,14.3
519,Mickie Caistor,Orlando Magic,Small Forward,61.6,189.5,2.6,7.6,17.6,20.3,93.8
520,Sterling Moretto,Charlotte Hornets,Small Forward,77.7,291.3,20.8,13.9,19.6,95.7,43.1
521,Tedi McFadzean,Memphis Grizzlies,Shooting Guard,83.3,280.0,7.7,1.5,6.5,89.7,85.8
522,Consolata Walling,Houston Rockets,Small Forward,83.0,303.1,39.9,2.7,16.4,7.6,97.4
523,Ailyn Rean,Houston Rockets,Point Guard,65.6,196.5,24.3,12.4,9.2,50.0,20.2
524,Terrye Rothwell,Phoenix Suns,Shooting Guard,87.9,215.2,21.1,13.5,10.8,76.0,83.6
525,Claudelle Gorbell,New Orleans Pelicans,Center,81.9,256.7,21.9,3.5,14.7,11.7,84.6
526,Porty Dack,Charlotte Hornets,Small Forward,84.1,242.9,2.0,4.0,1.3,54.3,47.6
527,Towny Phelit,Orlando Magic,Point Guard,86.0,321.1,7.8,8.1,16.6,22.6,27.0
528,Murray Weatherell,Boston Celtics,Shooting Guard,72.3,195.3,10.1,0.9,1.2,62.4,5.5
529,Tammara Kuhle,Orlando Magic,Small Forward,70.7,303.1,9.2,0.9,3.5,43.1,99.3
530,Judas Nanni,Atlanta Hawks,Center,60.1,193.9,25.3,0.7,17.7,8.0,48.0
531,Tore Blythin,Washington Wizards,Small Forward,75.0,220.6,24.5,9.1,9.2,22.8,37.5
532,Emmery Onions,Miami Heat,Small Forward,69.5,243.3,3.4,11.6,17.1,16.1,35.9
533,Brigid Bilofsky,Portland Trail Blazers,Point Guard,67.8,176.2,5.0,4.3,18.3,48.8,74.0
534,Nelie Farran,Dallas Mavericks,Power Forward,68.8,280.3,17.3,7.7,17.5,75.9,66.9
535,Lauritz Prue,Washington Wizards,Small Forward,73.0,326.0,6.6,3.4,17.4,84.0,86.4
536,Homerus Filipowicz,Chicago Bulls,Small Forward,68.0,274.3,2.7,5.1,16.0,75.6,83.4
537,Mair Ninotti,Memphis Grizzlies,Shooting Guard,60.8,228.2,3.9,1.7,12.8,39.4,90.5
538,Berty Muslim,Utah Jazz,Point Guard,64.0,213.6,24.3,5.1,8.9,96.7,43.1
539,Ichabod Ruthen,New York Knicks,Center,88.4,326.7,38.1,14.6,15.5,27.9,89.9
540,Goldy Dohrmann,Boston Celtics,Power Forward,84.3,209.2,38.5,2.5,19.4,4.1,93.5
541,Liam Andriveaux,Atlanta Hawks,Power Forward,86.3,184.2,28.2,0.7,0.1,64.4,62.4
542,Moise Crosetti,Los Angeles Clippers,Power Forward,81.4,205.8,28.1,5.7,4.2,66.0,51.7
543,Siffre Esslemont,New Orleans Pelicans,Center,73.3,328.5,29.7,8.9,5.3,60.6,55.3
544,Curtis Van Schafflaer,Portland Trail Blazers,Point Guard,67.9,231.7,9.7,2.1,9.1,44.9,99.5
545,Francois Dallison,Boston Celtics,Shooting Guard,77.6,273.0,13.7,7.4,3.5,62.6,33.9
546,Kathryne Dunphie,Brooklyn Nets,Small Forward,84.5,313.4,37.7,7.2,7.9,42.9,26.3
547,Joeann Luebbert,Oklahoma City Thunder,Small Forward,89.9,187.8,8.7,13.0,8.5,45.6,38.9
548,Katharine Stiell,Washington Wizards,Point Guard,89.4,306.9,3.4,0.5,4.6,86.9,49.9
549,Ambros Swaby,San Antonio Spurs,Point Guard,67.0,253.4,33.0,10.6,15.3,16.1,39.5
550,Kenny Harmar,San Antonio Spurs,Center,62.6,282.5,28.9,5.2,10.7,6.6,99.8
551,Trey Glave,Chicago Bulls,Point Guard,81.8,259.5,10.2,7.2,5.3,5.3,72.9
552,Abraham Roiz,Houston Rockets,Shooting Guard,78.1,222.9,22.9,1.4,6.3,92.3,17.9
553,Melvyn O'Loughnan,New Orleans Pelicans,Center,60.2,216.8,11.1,11.8,0.0,88.4,50.0
554,Dorothee McPhelimey,Dallas Mavericks,Power Forward,79.7,166.1,28.1,4.1,5.4,19.8,45.3
555,Warden Chiommienti,Dallas Mavericks,Center,72.5,262.8,34.5,2.0,19.3,16.9,16.3
556,Xena Gockelen,Los Angeles Lakers,Small Forward,70.5,338.4,23.7,5.6,8.7,76.4,21.2
557,Jena Storrock,Utah Jazz,Power Forward,67.0,313.5,2.1,8.2,4.6,66.2,97.5
558,Saunders Reville,Minnesota Timberwolves,Small Forward,72.8,221.4,8.7,13.9,16.6,2.6,75.3
559,Briney Ovitz,Indiana Pacers,Point Guard,75.5,181.4,28.3,1.9,9.8,7.9,66.4
560,Allison Branscomb,Dallas Mavericks,Shooting Guard,67.6,328.1,26.7,2.2,6.3,91.6,60.8
561,Annemarie Francesc,Utah Jazz,Power Forward,86.9,344.4,15.0,3.3,15.3,91.9,0.0
562,Lina Kinset,Chicago Bulls,Point Guard,82.4,190.4,26.5,8.9,12.0,13.4,20.6
563,Constantine Englefield,Phoenix Suns,Center,87.8,205.4,4.9,6.3,8.8,75.1,82.0
564,Bengt Olanda,Washington Wizards,Small Forward,83.6,341.3,3.6,1.4,9.0,10.1,10.7
565,Raynell Livezley,Minnesota Timberwolves,Center,88.6,256.5,24.7,5.9,16.5,95.5,35.2
566,Adiana Simner,Cleveland Cavaliers,Power Forward,88.0,262.7,4.4,11.7,8.9,5.1,84.4
567,Trixi Matusov,Indiana Pacers,Shooting Guard,72.7,249.9,30.9,12.8,9.0,6.3,62.3
568,Nadia Imorts,Golden State Warriors,Point Guard,89.7,346.8,22.9,9.6,9.3,12.7,1.1
569,Laurene Tallet,Philadelphia 76ers,Center,79.2,256.1,28.8,1.0,3.0,25.6,55.3
570,Ynes Foulser,Minnesota Timberwolves,Center,86.2,338.1,30.6,7.5,16.2,73.7,92.5
571,Willy Goolden,Utah Jazz,Power Forward,61.7,250.9,7.2,12.3,12.6,12.5,15.4
572,Darnall Abby,Utah Jazz,Point Guard,69.4,342.5,13.9,5.0,9.6,35.0,33.7
573,Tania Gilkison,Los Angeles Clippers,Small Forward,76.1,212.7,19.3,8.1,11.3,31.0,86.8
574,Gilly Proffer,Los Angeles Clippers,Shooting Guard,74.7,217.9,36.1,3.3,7.2,65.1,52.0
575,Conroy Hackforth,Sacramento Kings,Center,66.5,214.9,0.5,8.8,1.4,64.0,67.6
576,Jaynell Sydenham,San Antonio Spurs,Small Forward,70.0,218.3,29.0,10.6,0.7,31.2,69.0
577,Cris Kelleway,Washington Wizards,Shooting Guard,89.1,222.9,17.8,0.3,2.7,45.7,48.3
578,Justus Esmond,Orlando Magic,Shooting Guard,74.0,155.7,24.8,4.8,12.2,82.4,96.1
579,Baily Siward,Oklahoma City Thunder,Shooting Guard,81.1,186.1,24.5,12.5,2.4,16.0,25.9
580,Orelie Kopf,Los Angeles Lakers,Power Forward,70.2,231.6,23.4,2.5,8.2,27.3,25.3
581,Malissia Caroline,Washington Wizards,Small Forward,89.1,345.0,28.1,8.0,9.4,3.4,27.4
582,Pavlov Ruby,Miami Heat,Center,64.1,334.1,31.2,2.5,11.4,47.8,29.5
583,Fabio Beagan,Chicago Bulls,Small Forward,80.7,184.2,32.2,6.1,9.3,73.3,21.0
584,Ximenez Hoxey,Orlando Magic,Center,61.6,207.2,39.3,1.1,12.3,24.4,88.9
585,Charlean Capoun,Los Angeles Lakers,Power Forward,69.5,166.6,16.9,12.1,6.7,69.6,84.6
586,Phylys Silburn,Washington Wizards,Small Forward,67.6,194.3,39.8,5.5,6.8,76.4,67.0
587,Hughie Ehrat,Minnesota Timberwolves,Shooting Guard,68.6,179.7,12.2,3.4,7.9,7.5,3.8
588,Laurena Dmisek,Chicago Bulls,Small Forward,85.2,240.1,33.8,8.9,7.4,98.5,88.0
589,Jolee Isakowicz,Los Angeles Clippers,Point Guard,63.3,233.6,15.1,4.1,15.8,42.3,98.8
590,Kelbee Vase,Phoenix Suns,Center,67.0,272.8,21.1,12.8,17.7,1.8,98.1
591,Cleon Beelby,New Orleans Pelicans,Power Forward,61.2,339.7,16.2,0.9,18.8,18.1,63.6
592,Nevin Dunmore,Brooklyn Nets,Small Forward,73.5,168.0,20.4,7.5,17.9,16.3,66.2
593,Charmian Burren,Boston Celtics,Shooting Guard,72.0,325.6,5.2,7.8,4.6,9.4,4.8
594,Gale Hullyer,Indiana Pacers,Power Forward,60.5,211.7,37.4,2.4,5.6,24.2,38.6
595,Sonia Sedgwick,Sacramento Kings,Shooting Guard,69.2,188.0,8.7,12.8,18.0,82.6,16.4
596,Hobart Antonacci,Cleveland Cavaliers,Small Forward,74.3,187.6,3.1,0.5,16.4,13.5,5.6
597,Alidia Carville,Detroit Pistons,Shooting Guard,61.8,224.0,6.4,11.0,10.7,70.9,89.7
598,Ethelin Fidell,Miami Heat,Center,61.4,312.2,21.2,4.5,5.6,48.5,59.4
599,Billye Sherbrook,Oklahoma City Thunder,Center,60.5,161.1,11.9,10.9,9.8,46.2,7.8
600,Rowney Maillard,Oklahoma City Thunder,Shooting Guard,72.6,265.6,0.6,14.9,14.8,43.9,38.1
601,Linus Brobak,Indiana Pacers,Power Forward,62.2,236.1,10.6,12.0,1.0,50.7,97.8
602,Ninetta Tythacott,Washington Wizards,Small Forward,76.5,206.5,8.7,2.7,13.7,50.4,16.5
603,Anette Overstone,Los Angeles Clippers,Point Guard,85.7,240.4,9.9,9.5,8.4,7.4,32.4
604,Marti Joselson,Dallas Mavericks,Small Forward,67.4,209.5,19.3,5.3,15.8,8.3,99.1
605,Cecelia Dunseith,Houston Rockets,Center,75.2,249.2,21.9,11.1,14.9,2.9,51.8
606,Ollie Ravilious,Portland Trail Blazers,Power Forward,73.2,243.4,15.1,1.0,2.5,0.5,21.4
607,Adriano Picheford,Indiana Pacers,Center,82.4,210.6,6.8,6.6,9.2,55.5,38.1
608,Carline Simeonov,Philadelphia 76ers,Power Forward,88.2,187.5,10.4,2.8,16.1,73.5,52.9
609,Aile Rigden,Utah Jazz,Point Guard,89.5,324.2,26.6,9.5,1.9,78.2,17.5
610,Eleonora Pelcheur,Orlando Magic,Small Forward,62.7,295.5,15.8,14.3,15.2,77.0,36.9
611,Quintus Cashmore,Dallas Mavericks,Small Forward,86.4,291.4,29.1,13.4,15.3,96.8,44.9
612,Richmond Zimmermeister,San Antonio Spurs,Point Guard,71.6,185.2,32.3,5.2,4.9,17.4,57.5
613,Graeme Chard,Memphis Grizzlies,Power Forward,70.1,347.0,19.8,2.5,14.6,67.4,67.1
614,Dominic Pilkington,Milwaukee Bucks,Center,72.9,253.3,10.0,13.3,17.0,70.3,55.7
615,Liliane Piegrome,Boston Celtics,Small Forward,79.6,179.1,22.2,1.8,18.9,4.8,15.6
616,Sol Feast,Boston Celtics,Shooting Guard,61.9,174.4,22.4,7.6,14.5,49.0,16.6
617,Cordie Brik,Cleveland Cavaliers,Center,64.4,266.4,19.5,9.4,17.9,72.7,41.7
618,Dane Capinetti,Portland Trail Blazers,Shooting Guard,89.7,330.8,26.8,2.2,5.1,49.2,85.9
619,Cristian Liddon,Miami Heat,Point Guard,67.7,325.5,13.7,5.8,4.3,96.8,25.0
620,Gordon Brafield,Milwaukee Bucks,Center,78.4,195.6,31.6,5.7,12.4,42.9,16.6
621,Verne Baldam,Boston Celtics,Power Forward,82.9,329.3,10.6,12.3,0.1,22.6,59.8
622,Anallise Spohr,Oklahoma City Thunder,Point Guard,69.1,324.6,30.2,10.3,9.1,12.5,77.3
623,Goldy Blaszczyk,Cleveland Cavaliers,Power Forward,62.2,310.3,27.7,11.7,5.8,38.5,28.7
624,Minetta Smitherman,Los Angeles Lakers,Power Forward,84.0,321.0,31.7,8.3,6.4,30.3,79.4
625,Winnifred Merry,San Antonio Spurs,Small Forward,76.4,208.3,28.1,8.4,18.0,93.1,6.4
626,Carol Zimmermeister,Utah Jazz,Point Guard,81.6,165.7,18.6,12.2,17.9,71.9,46.7
627,Joleen Yosifov,Charlotte Hornets,Center,77.4,220.6,27.3,7.6,2.3,3.5,95.1
628,Linet Rawlings,New York Knicks,Center,73.5,265.8,0.8,1.2,5.5,43.8,78.0
629,Nelson Best,Denver Nuggets,Shooting Guard,83.4,266.2,29.5,6.7,15.2,69.4,8.7
630,Charil Leate,Atlanta Hawks,Power Forward,71.7,284.2,4.8,0.4,10.1,30.5,4.1
631,Alysa Posselt,Indiana Pacers,Shooting Guard,63.1,246.6,15.1,3.1,7.0,30.5,37.9
632,Bette Gavrielly,Los Angeles Lakers,Point Guard,73.6,240.3,9.7,6.4,0.3,91.7,93.1
633,Alyce Czajka,Dallas Mavericks,Small Forward,68.8,302.8,11.0,14.4,10.9,6.2,40.5
634,Corey Northall,Milwaukee Bucks,Center,63.3,324.6,15.8,12.5,5.7,79.7,7.8
635,Cyndia McCreedy,Los Angeles Lakers,Point Guard,84.3,311.7,13.0,8.0,2.9,72.3,85.9
636,Peirce Bolger,Philadelphia 76ers,Small Forward,63.3,324.8,7.2,1.9,17.7,40.2,15.3
637,Sandie Tilzey,New Orleans Pelicans,Small Forward,78.3,278.7,24.4,14.1,16.1,67.5,23.7
638,Matilde Calabry,Washington Wizards,Small Forward,70.4,338.9,30.0,8.3,13.6,48.3,73.6
639,Codie Gorler,Milwaukee Bucks,Power Forward,76.7,238.6,36.1,11.8,0.1,87.7,81.4
640,Carlita Crossgrove,San Antonio Spurs,Small Forward,77.4,334.2,1.5,4.5,15.9,41.8,7.7
641,Dalt Davey,Dallas Mavericks,Small Forward,78.6,186.6,25.0,10.7,11.8,23.3,75.0
642,Alvina Brentnall,Houston Rockets,Power Forward,82.5,310.8,32.3,12.6,15.6,45.7,65.9
643,Waylan Brambell,Chicago Bulls,Point Guard,82.8,286.2,31.6,10.4,5.8,77.1,88.4
644,Berri Kyncl,Houston Rockets,Center,62.2,158.3,33.5,5.7,17.3,11.9,31.5
645,Lyndy Bagshaw,Milwaukee Bucks,Point Guard,83.3,325.6,9.6,6.9,9.3,66.3,33.5
646,Christel Raft,Miami Heat,Point Guard,89.8,324.5,35.6,5.1,6.5,32.4,61.5
647,Andromache Stockin,New York Knicks,Point Guard,66.3,348.3,26.9,4.9,6.6,12.3,90.7
648,Therine Laurie,Los Angeles Lakers,Point Guard,79.6,274.2,12.6,13.3,3.1,72.1,53.4
649,Delaney Bertwistle,Toronto Raptors,Point Guard,65.0,203.5,4.2,8.4,2.3,10.9,58.3
650,Cymbre Kyme,Sacramento Kings,Power Forward,85.2,251.4,12.6,12.3,16.5,9.9,54.0
651,Lorene Volcker,Sacramento Kings,Small Forward,83.2,197.8,25.5,5.8,10.5,0.3,53.7
652,Dwayne Durek,Philadelphia 76ers,Small Forward,81.4,262.4,24.6,14.9,9.0,92.3,61.2
653,Claudelle Osgar,Chicago Bulls,Power Forward,89.6,201.2,1.1,13.2,6.9,85.5,31.1
654,Martina Grewe,Philadelphia 76ers,Small Forward,82.6,225.0,25.4,3.8,14.9,4.2,42.2
655,Alvira Beddis,Dallas Mavericks,Small Forward,83.7,162.3,19.3,8.6,14.3,19.5,2.9
656,Dara Pettisall,Washington Wizards,Shooting Guard,74.1,332.1,6.1,1.6,11.7,63.9,36.0
657,Gwenni Janos,Houston Rockets,Power Forward,65.6,317.2,28.7,4.4,1.2,35.8,2.7
658,Fred Bessey,Minnesota Timberwolves,Small Forward,63.6,281.4,12.4,12.0,8.4,58.0,90.4
659,Ludovika Luckin,Atlanta Hawks,Small Forward,88.2,169.5,8.8,3.3,17.0,10.7,80.1
660,Gare Guinnane,New York Knicks,Power Forward,64.1,285.0,33.3,5.3,2.1,25.7,38.1
661,Luther Lockart,Denver Nuggets,Power Forward,61.7,219.8,10.0,9.0,4.1,44.1,63.4
662,Dinny Woodrough,Phoenix Suns,Center,78.6,284.1,14.0,2.5,6.0,65.1,74.1
663,Beatrice La Vigne,Oklahoma City Thunder,Power Forward,76.4,274.7,36.3,10.9,14.1,88.7,69.1
664,Alric Basterfield,Oklahoma City Thunder,Small Forward,72.2,268.1,39.0,11.1,11.2,60.7,46.9
665,Juliana Littlejohn,Brooklyn Nets,Center,89.2,320.5,0.8,2.6,17.0,52.3,49.0
666,Dehlia Renneke,Charlotte Hornets,Small Forward,62.8,229.2,21.1,6.7,14.2,5.9,9.0
667,Rebekah MacCostye,Boston Celtics,Center,80.3,157.8,23.2,7.9,19.8,88.5,56.6
668,Mathe McOwan,Minnesota Timberwolves,Shooting Guard,74.9,197.0,13.7,9.2,6.0,73.2,4.9
669,Dag Masterton,Portland Trail Blazers,Small Forward,61.0,154.7,25.9,11.5,3.1,45.0,20.9
670,Lebbie Swannell,Los Angeles Clippers,Shooting Guard,81.6,185.1,19.3,8.1,9.6,46.5,25.3
671,Bear Bulfit,Orlando Magic,Small Forward,62.8,155.1,17.7,0.3,10.8,97.2,77.0
672,Maria Conway,Los Angeles Clippers,Shooting Guard,65.9,158.2,18.5,13.1,19.1,89.3,91.6
673,Fax Ruler,Los Angeles Clippers,Shooting Guard,65.4,232.8,37.6,13.3,3.4,88.2,38.0
674,Dilan Lokier,Charlotte Hornets,Point Guard,79.3,243.1,29.8,11.3,19.4,3.6,43.4
675,Bud Jell,Philadelphia 76ers,Point Guard,89.7,272.7,8.8,4.2,17.0,36.9,72.4
676,Ethelbert Tomsett,Portland Trail Blazers,Shooting Guard,70.6,271.1,19.6,2.6,5.3,86.0,56.2
677,Batholomew Husband,Sacramento Kings,Small Forward,75.8,220.5,13.9,2.6,12.2,88.4,72.1
678,Raquel Hendrichs,Washington Wizards,Point Guard,88.4,307.8,25.2,3.4,19.7,60.9,52.2
679,Nikkie Fivey,Portland Trail Blazers,Small Forward,81.3,305.6,20.9,3.7,12.7,73.1,50.4
680,Clarey Gawen,Orlando Magic,Small Forward,72.5,199.9,30.4,4.5,15.5,61.8,91.6
681,Debera Vinnick,Toronto Raptors,Power Forward,79.7,321.4,9.9,6.0,6.4,94.8,66.3
682,Wheeler Tarbatt,Toronto Raptors,Center,82.5,308.7,6.6,5.9,17.4,52.7,22.2
683,Chilton Gonnet,Phoenix Suns,Small Forward,74.1,204.6,0.1,2.3,15.5,97.8,1.0
684,Sharon Gyde,San Antonio Spurs,Center,60.9,191.2,38.0,3.6,18.7,36.6,56.2
685,Chandler Bricklebank,Minnesota Timberwolves,Point Guard,88.1,252.1,17.7,14.5,16.7,99.0,41.7
686,Talia Whoston,Chicago Bulls,Power Forward,71.5,245.3,5.1,7.9,4.1,98.7,21.7
687,Catriona MacAloren,San Antonio Spurs,Small Forward,83.4,217.1,17.7,6.1,0.8,72.7,37.1
688,Francisca Ruvel,Minnesota Timberwolves,Center,76.8,241.5,13.3,8.5,15.1,96.0,12.8
689,Lisha Jedrysik,Oklahoma City Thunder,Small Forward,73.0,206.3,8.5,2.1,18.0,92.0,65.7
690,Kaja Gaspar,Toronto Raptors,Small Forward,83.7,245.1,38.8,10.0,3.1,55.1,66.9
691,Matti Shepstone,Chicago Bulls,Center,85.8,339.2,5.8,7.9,4.7,13.4,26.6
692,Agna Gorbell,Houston Rockets,Center,60.4,311.8,25.6,2.2,18.8,0.3,75.2
693,Sanson Simoneau,Boston Celtics,Shooting Guard,75.3,155.2,32.0,8.3,9.4,71.8,16.2
694,Abagael Crannage,Minnesota Timberwolves,Small Forward,88.9,312.9,19.5,0.1,19.4,16.4,92.7
695,Hester Lantuff,Milwaukee Bucks,Point Guard,77.1,218.0,16.5,6.6,5.2,83.1,94.8
696,Victoria Webber,Washington Wizards,Center,71.4,251.0,10.1,14.1,10.1,73.9,73.1
697,Kat Bettenson,New Orleans Pelicans,Center,89.1,329.0,8.8,14.7,1.4,32.1,10.0
698,Mindy Lamberth,Phoenix Suns,Point Guard,71.3,175.0,9.6,1.4,14.3,61.6,43.1
699,Davita Kloser,Orlando Magic,Shooting Guard,72.7,220.4,27.6,5.6,1.5,47.9,16.3
700,Rasla Wesgate,Milwaukee Bucks,Shooting Guard,72.3,338.8,11.3,6.3,1.5,75.9,7.1
701,Micah Mewis,Charlotte Hornets,Small Forward,83.1,203.4,38.6,6.2,9.5,22.3,49.0
702,Marcie Tees,Detroit Pistons,Power Forward,61.3,152.4,4.5,10.5,13.7,32.9,94.9
703,Gregor Ferrey,Indiana Pacers,Shooting Guard,73.9,289.1,13.3,1.5,2.4,14.2,9.2
704,Dniren Chawkley,Charlotte Hornets,Center,76.1,271.0,13.5,7.1,10.7,11.8,60.8
705,Paulie Augie,Portland Trail Blazers,Point Guard,80.4,304.1,24.2,7.4,7.5,39.6,7.6
706,Sorcha Dilland,Indiana Pacers,Point Guard,86.0,160.0,23.3,11.4,6.3,16.9,13.4
707,Rinaldo Chard,Portland Trail Blazers,Point Guard,66.8,345.5,14.0,5.1,9.0,68.3,95.6
708,Betta Ryrie,Portland Trail Blazers,Center,60.2,344.4,4.2,6.1,14.6,66.5,44.1
709,Vaughan Satterfitt,Los Angeles Lakers,Shooting Guard,71.1,253.8,19.4,12.7,13.7,98.5,45.9
710,Lind Caltera,Atlanta Hawks,Small Forward,64.8,196.8,4.5,12.1,3.1,73.5,70.0
711,Kayley Handaside,Memphis Grizzlies,Shooting Guard,85.2,271.2,4.9,7.6,7.0,32.1,45.4
712,Sigfried Lenden,Miami Heat,Shooting Guard,76.6,245.3,15.4,3.6,17.6,11.0,24.5
713,Cassandry Gambles,Detroit Pistons,Center,89.6,277.4,10.7,5.5,4.4,16.4,62.1
714,Osmond Topping,Denver Nuggets,Small Forward,76.7,310.4,37.5,14.6,5.7,26.3,65.0
715,Stoddard Dressel,Atlanta Hawks,Small Forward,73.9,259.9,28.3,7.1,14.2,79.0,62.3
716,Germana Worters,Memphis Grizzlies,Power Forward,84.4,191.5,26.9,11.5,14.8,29.5,84.2
717,Maurene Porritt,Phoenix Suns,Point Guard,71.1,276.8,15.2,8.9,8.1,18.6,7.5
718,Lillian Spradbrow,Orlando Magic,Power Forward,68.3,226.0,26.3,1.3,12.8,70.5,76.2
719,Sella Monery,Toronto Raptors,Shooting Guard,67.8,237.5,4.5,5.8,9.8,64.3,53.1
720,Weylin Towey,Philadelphia 76ers,Shooting Guard,73.7,187.4,36.1,6.9,15.6,38.8,89.7
721,Mariana Waliszek,Atlanta Hawks,Power Forward,76.5,200.4,11.9,14.2,13.4,46.4,10.4
722,Jo ann Gozzard,Toronto Raptors,Small Forward,80.0,299.2,25.9,11.0,11.8,8.7,13.6
723,Lilla Deem,Utah Jazz,Power Forward,70.9,263.9,5.2,8.4,5.9,36.5,83.5
724,Regan McFfaden,San Antonio Spurs,Center,66.6,217.7,14.5,6.7,12.9,63.6,94.0
725,Kirbie Brodie,Portland Trail Blazers,Center,62.1,196.1,15.0,13.6,11.7,79.7,3.0
726,Sherlock Josiah,Charlotte Hornets,Center,85.2,345.6,29.2,11.4,5.1,18.5,69.5
727,Giles Everett,Detroit Pistons,Small Forward,62.5,300.0,15.1,4.8,6.4,91.4,79.9
728,Doris Cabane,New York Knicks,Shooting Guard,69.7,165.4,32.0,6.5,15.3,46.5,31.6
729,Doretta MacAnellye,Minnesota Timberwolves,Small Forward,64.9,166.8,28.2,2.7,6.5,85.1,93.9
730,Dunstan Olanda,Detroit Pistons,Small Forward,66.8,162.7,4.4,4.6,9.8,60.5,0.4
731,Gretel Aloigi,Sacramento Kings,Shooting Guard,86.5,230.8,15.1,0.4,4.0,80.4,75.8
732,Alejandro Twinborne,Phoenix Suns,Small Forward,84.7,348.9,16.6,5.8,16.3,94.0,87.9
733,Missie Martinello,Cleveland Cavaliers,Power Forward,68.8,344.1,13.8,7.8,11.6,16.0,97.9
734,Ilene Ganforth,Detroit Pistons,Point Guard,82.5,342.4,35.4,13.8,19.7,24.5,21.8
735,Jimmy MacTeggart,Washington Wizards,Shooting Guard,69.7,260.1,25.4,1.0,4.4,61.8,34.8
736,Evangelin Mancell,Los Angeles Lakers,Center,85.6,285.8,32.9,1.1,1.1,69.5,86.3
737,Fredericka Sipson,Miami Heat,Shooting Guard,73.3,231.7,19.6,7.9,9.2,33.1,92.2
738,Mayer Force,Toronto Raptors,Point Guard,81.2,347.6,4.7,9.5,12.7,76.4,75.1
739,Steven Hub,Minnesota Timberwolves,Power Forward,76.7,329.4,28.4,9.8,7.2,8.7,82.3
740,Cally Chiplen,Memphis Grizzlies,Center,62.0,339.6,20.1,3.0,8.6,3.2,33.1
741,Raddy Jude,Houston Rockets,Power Forward,62.7,296.4,14.1,11.1,11.4,3.5,25.4
742,Jeddy Danslow,Minnesota Timberwolves,Shooting Guard,84.3,270.1,38.7,8.0,7.5,4.9,53.4
743,Kimmie Pereira,Denver Nuggets,Power Forward,83.5,254.2,35.0,6.8,1.0,33.5,90.5
744,Elena Stienton,Golden State Warriors,Center,72.7,230.3,25.7,5.0,0.8,39.4,25.8
745,Fionna Causon,Charlotte Hornets,Power Forward,78.6,287.9,14.2,14.8,10.9,35.2,56.0
746,Bessie Chilvers,Brooklyn Nets,Shooting Guard,68.4,252.4,24.4,12.7,9.0,24.6,31.2
747,Ransom Arnson,Utah Jazz,Point Guard,81.9,158.1,2.3,11.4,18.8,76.6,71.4
748,Lucho Frearson,Toronto Raptors,Shooting Guard,65.1,336.7,5.5,11.2,7.3,71.0,95.5
749,Giffie Laguerre,Los Angeles Clippers,Small Forward,82.1,176.3,23.7,4.4,15.7,91.5,60.2
750,Shaylyn Hailey,Memphis Grizzlies,Power Forward,62.4,246.6,1.3,13.2,17.6,44.0,19.8
751,Luisa Raraty,Golden State Warriors,Small Forward,75.0,206.1,6.7,10.3,3.3,28.6,40.9
752,Marketa Pockett,Sacramento Kings,Small Forward,61.7,232.9,34.3,6.7,13.3,26.7,97.0
753,Consuelo Duguid,New Orleans Pelicans,Point Guard,80.3,170.1,4.1,11.1,19.1,43.3,23.6
754,Haley Tasker,Golden State Warriors,Point Guard,80.8,249.2,16.7,2.2,4.4,61.8,67.5
755,Beilul Partridge,Brooklyn Nets,Small Forward,73.2,188.3,39.6,2.2,3.4,18.6,11.1
756,Trista Rubel,Philadelphia 76ers,Small Forward,69.9,346.9,11.2,0.7,14.4,90.1,27.6
757,Salvador Pothecary,San Antonio Spurs,Power Forward,76.7,154.4,39.8,1.8,9.1,59.5,55.5
758,Gray Gillanders,Los Angeles Clippers,Point Guard,87.5,327.1,8.4,9.6,16.2,5.5,26.0
759,Athena Kondratovich,Charlotte Hornets,Power Forward,65.5,296.7,4.7,12.2,5.8,42.9,5.5
760,Anthia Moralas,Washington Wizards,Shooting Guard,70.3,155.2,11.4,6.0,8.9,49.2,70.5
761,Coletta Kubyszek,Milwaukee Bucks,Shooting Guard,62.9,257.6,38.6,13.4,8.8,42.7,90.5
762,Lura McLeoid,Philadelphia 76ers,Point Guard,71.1,209.7,37.8,10.5,14.9,80.4,26.3
763,Barry Forder,Brooklyn Nets,Point Guard,70.9,251.0,36.4,13.5,16.8,37.6,16.1
764,Izzy Tomczykowski,Washington Wizards,Center,85.0,294.8,17.7,11.9,3.8,58.9,34.5
765,Gretta Granger,Minnesota Timberwolves,Shooting Guard,83.3,230.4,24.3,1.7,7.1,9.7,21.4
766,Guy MacNeice,Golden State Warriors,Power Forward,60.9,239.0,34.1,9.0,7.6,93.3,14.5
767,Annie Nipper,Cleveland Cavaliers,Shooting Guard,79.1,313.1,33.3,4.2,10.2,54.7,9.1
768,Fancie Gajownik,Denver Nuggets,Small Forward,63.0,182.7,28.6,3.6,7.5,69.0,62.1
769,Romain Hardcastle,Utah Jazz,Center,67.7,280.7,36.6,2.7,0.1,69.5,86.5
770,Nike Bridges,New York Knicks,Shooting Guard,69.3,286.3,2.7,10.7,2.7,87.9,22.7
771,Lorin Ciciura,Washington Wizards,Shooting Guard,63.6,322.1,34.2,13.4,11.5,65.0,73.2
772,Hephzibah Sherrell,Portland Trail Blazers,Shooting Guard,67.4,223.1,34.9,9.9,4.2,16.1,59.9
773,Vevay Tiebe,Detroit Pistons,Center,70.0,184.1,3.0,6.2,10.0,32.9,27.3
774,Lena Willbraham,Los Angeles Lakers,Shooting Guard,85.6,219.1,39.3,5.4,17.5,90.8,1.9
775,Ariella Hunte,Minnesota Timberwolves,Center,88.2,155.0,14.7,15.0,0.6,7.0,8.0
776,Gigi Boram,New York Knicks,Power Forward,79.7,243.5,32.8,5.9,16.6,74.7,29.2
777,Artus Bullan,Cleveland Cavaliers,Power Forward,72.7,249.7,11.3,13.8,11.2,40.4,64.7
778,Mead Fannon,Phoenix Suns,Shooting Guard,73.2,174.6,24.4,10.2,19.3,59.3,95.4
779,Elga Pittam,Brooklyn Nets,Power Forward,66.8,178.8,3.8,13.4,3.6,14.2,60.3
780,Tomasine Garrie,Denver Nuggets,Point Guard,63.5,334.3,21.5,6.4,19.6,51.6,69.5
781,Berni Winsborrow,Memphis Grizzlies,Small Forward,74.1,177.8,29.9,12.9,16.8,55.2,74.5
782,Donella Gritton,Denver Nuggets,Point Guard,65.0,234.2,5.6,2.0,18.8,27.5,19.6
783,Dallas McPharlain,Philadelphia 76ers,Shooting Guard,67.0,246.9,7.4,10.5,19.8,13.1,55.2
784,Parsifal Aireton,Atlanta Hawks,Point Guard,68.7,196.0,29.7,6.9,13.1,1.4,2.5
785,Hamnet Goodlake,Milwaukee Bucks,Small Forward,69.4,223.3,23.3,10.5,3.2,65.0,74.7
786,Mellisa Mellor,Los Angeles Clippers,Small Forward,67.1,217.9,38.8,10.5,18.8,86.6,67.2
787,Ruby Monni,Los Angeles Lakers,Point Guard,75.4,226.6,13.2,7.1,11.8,81.7,0.4
788,Thibaut Edwin,Minnesota Timberwolves,Shooting Guard,73.3,214.0,38.6,2.2,1.9,25.2,37.0
789,Jonis Goodlad,Toronto Raptors,Shooting Guard,67.2,268.6,30.8,3.8,16.7,95.3,70.9
790,Rorie Stancer,Memphis Grizzlies,Point Guard,82.3,189.5,11.0,3.7,16.0,54.2,31.6
791,Cecilla Kirvin,Brooklyn Nets,Small Forward,87.4,272.4,31.3,11.1,5.3,5.4,21.4
792,Michele Frickey,Los Angeles Lakers,Power Forward,62.5,193.6,4.8,10.0,14.9,90.0,7.0
793,Myrtie Ansill,Los Angeles Lakers,Shooting Guard,60.2,303.2,1.6,15.0,2.7,97.5,69.4
794,Catharine Marfell,Oklahoma City Thunder,Shooting Guard,62.8,180.8,15.5,9.6,14.7,71.2,68.0
795,Danita O' Concannon,Toronto Raptors,Center,89.6,248.9,26.5,9.7,5.9,81.2,19.2
796,Gustav Stowte,Phoenix Suns,Shooting Guard,85.9,319.5,3.2,3.0,12.7,69.0,59.5
797,Josselyn Penniell,Brooklyn Nets,Small Forward,72.7,236.0,35.3,14.1,7.3,68.2,75.1
798,Georgina Tomley,Philadelphia 76ers,Center,87.3,188.1,1.7,4.4,8.3,85.7,3.4
799,Aidan Lewson,New York Knicks,Point Guard,81.9,312.0,8.0,12.4,11.5,82.0,82.3
800,Idell Nutman,Golden State Warriors,Power Forward,71.3,161.7,34.6,13.6,4.0,0.6,17.5
801,Obadiah Notton,Miami Heat,Point Guard,63.0,213.1,26.8,8.4,6.9,22.3,1.3
802,Ray Rattenbury,Houston Rockets,Small Forward,88.7,295.2,6.2,0.2,6.6,32.3,57.5
803,Cara McGuff,Milwaukee Bucks,Point Guard,88.9,285.4,38.4,11.3,14.7,76.6,25.3
804,Bennett Prium,Phoenix Suns,Point Guard,64.2,257.0,4.2,12.6,8.9,82.4,53.5
805,Stu Claxson,Miami Heat,Shooting Guard,77.3,254.9,4.3,11.8,8.9,14.9,41.8
806,Freeland Moreman,Washington Wizards,Power Forward,81.1,235.7,22.0,8.7,9.5,60.7,45.2
807,Winifield Feander,Memphis Grizzlies,Center,84.0,270.8,23.2,3.4,3.3,6.0,69.1
808,Carr Featherstonehaugh,Atlanta Hawks,Power Forward,66.5,285.7,37.8,1.4,8.1,74.1,12.1
809,Cherice Gutowska,Chicago Bulls,Small Forward,88.0,345.3,12.2,7.5,14.7,51.8,59.4
810,Babb Bengtson,Dallas Mavericks,Small Forward,87.6,238.4,27.8,1.4,9.8,61.6,63.6
811,Katharina Goldbourn,Utah Jazz,Power Forward,77.6,287.3,17.3,4.4,8.9,56.7,66.4
812,Yance Deares,Detroit Pistons,Power Forward,67.6,207.9,33.6,4.9,15.9,78.5,88.0
813,Colman Ashley,Minnesota Timberwolves,Shooting Guard,81.2,219.2,12.7,2.8,16.5,10.5,95.1
814,Demetri Pumfrett,Washington Wizards,Center,88.5,152.8,10.0,1.9,14.5,9.0,53.8
815,Timi Dodd,Miami Heat,Shooting Guard,60.9,224.8,37.3,9.9,17.7,63.7,0.3
816,Paulie Soigne,Oklahoma City Thunder,Point Guard,88.7,280.7,5.8,5.2,10.4,98.4,60.6
817,Welsh Choffin,Brooklyn Nets,Power Forward,74.7,273.2,32.8,13.9,7.2,75.4,13.0
818,Madelle Dignan,Toronto Raptors,Power Forward,82.3,262.7,9.3,14.2,1.7,98.5,61.0
819,Evin Witchard,Cleveland Cavaliers,Center,81.6,167.1,31.4,1.6,12.1,55.7,93.9
820,Jayne Thorington,Indiana Pacers,Point Guard,76.5,304.0,9.9,3.8,7.9,21.3,50.4
821,Dalenna Rastall,Los Angeles Lakers,Small Forward,74.2,260.7,2.0,6.2,14.3,63.2,50.4
822,Brade Wetherill,Charlotte Hornets,Point Guard,61.7,226.9,14.0,6.7,10.8,82.7,17.8
823,Fiorenze Laskey,Boston Celtics,Point Guard,63.7,235.7,23.3,5.0,10.5,45.4,85.0
824,Enrichetta Lestor,Denver Nuggets,Power Forward,66.1,327.6,5.6,6.3,11.0,11.9,56.0
825,Coreen Morales,Oklahoma City Thunder,Shooting Guard,67.8,174.9,29.7,9.1,18.6,86.4,1.0
826,Ruben Attenborrow,Charlotte Hornets,Small Forward,64.2,305.0,33.3,12.1,15.2,9.0,93.5
827,Nickie Krysztofowicz,Milwaukee Bucks,Center,80.3,293.9,17.9,7.9,4.7,38.8,11.3
828,Marena Paolinelli,Los Angeles Lakers,Center,61.6,175.7,5.6,10.9,17.7,98.1,28.5
829,Karola Cutford,Los Angeles Clippers,Point Guard,80.8,348.6,22.0,1.8,1.1,77.3,99.5
830,Lucia Jeanes,San Antonio Spurs,Small Forward,60.8,227.8,18.7,2.2,19.7,86.3,2.5
831,Abbye Paff,Philadelphia 76ers,Point Guard,72.3,198.0,2.7,9.6,12.9,55.1,16.5
832,Della Brownfield,Miami Heat,Point Guard,79.9,208.3,36.4,9.2,18.9,82.4,1.6
833,Griffin Iredell,New York Knicks,Small Forward,79.3,278.4,10.6,10.0,15.6,56.1,41.6
834,Tibold Verring,Miami Heat,Center,78.2,170.0,23.6,8.7,10.2,80.6,75.3
835,Freddi Fidele,New Orleans Pelicans,Point Guard,79.9,212.3,20.4,10.2,18.5,87.5,47.5
836,Lottie Fenby,Orlando Magic,Small Forward,87.3,290.2,29.7,12.4,3.3,92.9,28.4
837,Marlie Kalinsky,Memphis Grizzlies,Center,80.1,160.8,15.5,9.1,2.5,88.9,74.9
838,Jonie Romaine,Los Angeles Lakers,Small Forward,70.2,236.8,0.6,8.0,18.8,82.8,11.7
839,Ursola Oppie,Portland Trail Blazers,Small Forward,87.6,258.8,30.7,6.5,4.9,63.4,81.6
840,Griselda Spearman,San Antonio Spurs,Point Guard,68.0,208.6,35.4,2.0,3.1,4.5,47.0
841,Anna-diana Dowthwaite,Milwaukee Bucks,Small Forward,84.1,275.1,26.2,2.6,15.2,19.6,42.2
842,Jerald Baiss,San Antonio Spurs,Small Forward,78.5,210.2,35.4,3.9,4.1,55.4,81.4
843,Kimbell Zeale,Portland Trail Blazers,Center,64.3,289.0,8.4,5.2,9.9,11.3,68.8
844,Ambrose Wearden,New York Knicks,Power Forward,62.3,167.4,24.6,14.4,3.2,15.0,37.7
845,Ree Bonallack,Philadelphia 76ers,Small Forward,68.6,183.7,5.7,10.4,1.8,80.9,53.6
846,Osbert Genever,Atlanta Hawks,Power Forward,75.9,203.2,8.6,5.4,12.0,63.3,61.6
847,Tommy Morsey,Phoenix Suns,Center,60.2,284.9,9.8,0.2,0.5,68.8,67.8
848,Jillian Bollands,New York Knicks,Point Guard,84.1,251.3,2.2,8.4,0.0,53.7,85.9
849,Kahlil Matzl,Houston Rockets,Power Forward,80.8,330.9,28.9,10.4,1.3,11.2,24.0
850,Dynah Ivkovic,Sacramento Kings,Shooting Guard,76.7,235.2,34.6,1.1,2.8,35.4,55.2
851,Cleo Robichon,Milwaukee Bucks,Shooting Guard,87.3,259.8,18.5,13.2,15.8,5.2,6.3
852,Natale Larderot,Oklahoma City Thunder,Center,75.9,214.3,29.9,12.1,2.0,95.5,8.4
853,Minda Haselwood,Sacramento Kings,Point Guard,80.1,195.3,7.7,12.8,7.9,88.5,25.7
854,Adriane Seeman,Golden State Warriors,Power Forward,62.1,219.3,16.4,4.3,3.7,7.6,97.4
855,Odilia Dobrovolski,Brooklyn Nets,Power Forward,78.3,178.1,4.7,10.0,1.8,39.1,84.2
856,Kendal Lynnitt,Philadelphia 76ers,Shooting Guard,78.1,183.1,19.1,11.6,5.5,74.9,99.7
857,Bertha Makiver,Dallas Mavericks,Power Forward,81.2,318.6,3.0,6.7,20.0,4.7,50.2
858,Rosalynd Hundy,New York Knicks,Center,68.1,293.9,11.8,12.8,16.3,68.2,47.0
859,Andonis Libreros,Utah Jazz,Point Guard,77.7,323.2,12.6,3.8,5.7,41.1,15.5
860,Rodrique Gloy,Sacramento Kings,Power Forward,63.1,282.6,31.3,12.0,9.2,7.6,73.4
861,Gunar McLeod,Atlanta Hawks,Small Forward,71.3,312.9,36.1,9.7,0.2,24.1,58.9
862,Esther Philott,Portland Trail Blazers,Center,75.5,264.9,20.0,11.4,11.4,22.4,21.5
863,Avictor Drinkwater,Utah Jazz,Power Forward,61.9,196.4,11.0,8.6,7.3,81.1,75.6
864,Reynard Hanshaw,Phoenix Suns,Small Forward,89.6,293.9,21.4,9.2,15.3,76.3,7.4
865,Merv Kittiman,San Antonio Spurs,Center,84.4,168.7,25.8,6.0,13.7,99.0,76.2
866,Elspeth Sowden,Boston Celtics,Shooting Guard,71.2,338.5,11.7,0.1,7.8,65.7,22.8
867,Lorenza Howgill,Los Angeles Clippers,Power Forward,70.6,183.9,0.0,11.2,6.6,36.0,88.9
868,Royall Prescot,Indiana Pacers,Shooting Guard,85.9,313.2,5.1,1.4,3.9,19.9,30.7
869,Cristi Godin,Oklahoma City Thunder,Small Forward,77.6,318.5,10.1,14.3,7.1,37.1,90.0
870,Breena Swin,Washington Wizards,Center,87.0,164.3,5.8,12.1,9.6,68.4,9.0
871,Beitris Abson,Miami Heat,Shooting Guard,79.0,286.8,8.4,10.6,12.1,54.0,63.4
872,Gates Gamble,Chicago Bulls,Small Forward,64.9,317.1,10.0,12.3,1.6,27.7,14.0
873,Isa Drakeley,Atlanta Hawks,Point Guard,81.4,273.8,28.9,6.0,16.7,81.8,53.3
874,Andi De Metz,New Orleans Pelicans,Point Guard,85.0,327.4,28.3,3.4,17.0,68.6,49.8
875,Evaleen Stichall,Golden State Warriors,Center,80.3,272.9,35.8,10.5,8.6,63.6,3.5
876,Marybeth Wiseman,Los Angeles Clippers,Center,60.7,284.8,11.2,10.5,3.0,74.2,45.4
877,Ric Van der Velden,Atlanta Hawks,Power Forward,84.5,188.7,1.8,11.3,1.3,14.5,11.4
878,Bernhard Lethby,Atlanta Hawks,Power Forward,66.5,325.9,31.5,14.4,2.5,94.7,45.6
879,Katheryn Bursnell,Orlando Magic,Shooting Guard,86.7,251.3,23.7,13.9,16.3,85.6,7.0
880,Evania Slinger,Utah Jazz,Point Guard,67.6,262.8,28.8,13.3,6.4,20.5,46.7
881,Simone Palphramand,Miami Heat,Small Forward,71.0,284.4,7.2,10.8,17.7,69.1,83.6
882,Cindee Neno,Phoenix Suns,Shooting Guard,63.7,265.8,29.1,7.7,6.2,60.7,28.9
883,Gilles Bilson,Utah Jazz,Power Forward,87.4,164.8,29.4,3.1,7.2,58.5,98.2
884,Alis Marcam,Phoenix Suns,Point Guard,70.4,189.6,18.2,1.7,17.1,51.3,34.7
885,Jackqueline Horrell,Philadelphia 76ers,Center,89.8,251.5,4.1,1.3,16.5,3.0,17.1
886,Rosabella Carnalan,Los Angeles Lakers,Small Forward,85.9,217.1,16.7,3.8,15.9,14.7,78.7
887,Ellen Cumming,Minnesota Timberwolves,Small Forward,65.6,240.8,10.5,2.9,4.3,27.2,98.0
888,Janot Dies,Cleveland Cavaliers,Center,81.6,165.1,35.3,0.3,8.7,61.5,6.0
889,Vin Andreopolos,Los Angeles Clippers,Shooting Guard,72.0,311.9,22.5,6.2,4.9,74.7,14.6
890,Kirbie MacKibbon,Portland Trail Blazers,Small Forward,74.4,194.7,0.5,3.4,4.5,13.1,47.7
891,Avigdor Jumont,New Orleans Pelicans,Small Forward,81.3,316.4,2.0,1.4,5.4,62.4,45.3
892,Doris McRae,New Orleans Pelicans,Shooting Guard,63.8,279.5,24.3,5.4,2.9,52.2,24.2
893,David Hargreave,Dallas Mavericks,Small Forward,74.1,215.4,14.0,13.4,18.6,86.4,26.5
894,Berk Wilfinger,Los Angeles Clippers,Center,79.0,346.4,0.0,1.3,13.4,2.6,82.0
895,Phillida Swallow,Sacramento Kings,Point Guard,75.1,273.8,8.3,0.6,15.8,91.5,11.2
896,Stefano Frensche,Dallas Mavericks,Center,69.6,152.7,30.5,8.0,8.1,39.5,59.7
897,Alaine Tremonte,Milwaukee Bucks,Center,88.3,340.7,20.9,13.5,18.0,92.1,50.9
898,Faydra Clair,Orlando Magic,Center,60.2,338.8,24.7,11.6,12.3,66.3,75.4
899,Vernice MacCawley,Miami Heat,Power Forward,80.5,250.1,9.7,6.8,18.2,7.0,53.8
900,Tades Tills,Portland Trail Blazers,Power Forward,62.9,268.0,28.0,9.6,3.4,24.3,87.7
901,Rivkah Steedman,Los Angeles Clippers,Shooting Guard,87.3,340.4,21.0,2.6,10.9,77.3,73.1
902,Vinny Headford,Houston Rockets,Power Forward,66.6,271.3,30.9,6.4,2.3,48.4,32.2
903,Ddene Maker,Denver Nuggets,Power Forward,76.2,175.9,20.2,2.3,10.6,78.7,60.8
904,Shauna Probets,Utah Jazz,Power Forward,67.9,262.8,24.7,1.6,5.5,58.6,32.9
905,Dudley Pavlovsky,Oklahoma City Thunder,Shooting Guard,89.3,175.9,3.6,6.4,11.4,70.7,92.7
906,Sharia Seville,Washington Wizards,Power Forward,69.3,330.5,20.8,5.0,6.3,83.5,96.4
907,Arluene Joerning,New York Knicks,Center,69.8,307.6,3.3,10.3,14.0,26.4,87.8
908,Tomaso Howson,Sacramento Kings,Center,81.1,240.1,2.9,13.0,6.0,13.9,88.9
909,Rawley Shovell,San Antonio Spurs,Shooting Guard,89.0,228.8,21.1,5.2,16.3,62.3,31.2
910,Andeee Brothwell,Sacramento Kings,Point Guard,70.8,209.0,11.5,11.3,11.9,27.8,88.6
911,Armand Napolitano,Los Angeles Clippers,Shooting Guard,65.5,199.4,15.8,13.9,15.5,97.2,50.3
912,Bliss Gosford,Los Angeles Clippers,Power Forward,70.5,291.1,8.9,5.4,4.5,47.5,52.6
913,Shanie Stones,San Antonio Spurs,Center,83.7,347.5,26.6,7.3,17.8,45.3,18.5
914,Thatch Caswall,Memphis Grizzlies,Center,85.0,321.1,39.2,0.3,10.1,63.2,36.8
915,Rockey Dechelette,Miami Heat,Small Forward,76.6,311.0,4.8,1.7,14.0,0.7,48.2
916,Gaylor Stayt,Oklahoma City Thunder,Point Guard,79.0,279.8,9.0,8.1,6.8,32.4,14.6
917,Jill Najera,Cleveland Cavaliers,Point Guard,75.7,176.6,5.0,9.1,15.0,91.8,14.5
918,Rachel Warner,Milwaukee Bucks,Power Forward,64.4,272.7,21.6,7.7,1.0,94.2,18.2
919,Milton Fillan,Portland Trail Blazers,Point Guard,80.5,169.1,17.8,3.8,9.7,72.9,6.3
920,Anatola Moger,New Orleans Pelicans,Shooting Guard,75.9,155.6,20.2,2.2,19.5,24.7,3.3
921,Garrik Millier,Denver Nuggets,Point Guard,76.3,167.7,7.5,9.8,1.4,68.1,92.8
922,Erica Ellicock,Cleveland Cavaliers,Point Guard,81.4,178.8,23.6,12.3,12.1,17.6,58.7
923,Emelia Fairnie,Dallas Mavericks,Shooting Guard,85.5,240.6,2.4,1.6,11.2,15.2,83.2
924,Omar Donet,Golden State Warriors,Point Guard,74.9,325.1,10.9,0.4,14.9,57.2,95.8
925,Leese Insko,Miami Heat,Small Forward,60.4,230.5,27.6,8.2,2.0,66.9,46.3
926,Sandy Crafter,New York Knicks,Shooting Guard,64.8,161.3,17.0,12.0,8.4,84.2,13.1
927,Artemas Reschke,Brooklyn Nets,Center,82.0,191.9,17.1,10.2,19.2,21.0,7.3
928,Annabela Michelmore,Orlando Magic,Shooting Guard,74.8,266.9,1.3,13.8,5.5,85.3,43.7
929,Ferguson Kilrow,Golden State Warriors,Power Forward,75.1,223.8,11.9,8.6,4.2,46.4,47.8
930,Tiffany Witham,Minnesota Timberwolves,Shooting Guard,77.7,214.0,3.1,14.2,14.0,55.6,32.6
931,Clare Bram,New Orleans Pelicans,Point Guard,63.1,323.9,23.2,3.6,2.4,25.3,63.0
932,Ricard Jozef,Miami Heat,Center,78.4,230.6,37.0,14.5,9.6,90.3,59.2
933,Wittie Iacapucci,Houston Rockets,Shooting Guard,84.2,276.8,36.0,11.6,15.2,34.5,33.3
934,Gustaf Durnian,Washington Wizards,Power Forward,80.0,268.0,19.9,10.6,6.3,25.6,92.7
935,Huntley Phelan,Brooklyn Nets,Shooting Guard,74.0,339.1,6.8,1.1,14.4,85.3,3.9
936,Cacilie Tracey,Cleveland Cavaliers,Point Guard,78.5,182.7,7.3,0.2,17.3,37.6,5.2
937,Dru Blamire,Denver Nuggets,Power Forward,72.6,342.3,17.1,9.3,4.0,56.7,7.3
938,Tiphany Andriveau,Cleveland Cavaliers,Point Guard,74.0,259.4,0.4,5.1,7.9,27.7,65.1
939,Eleonore Hansell,Portland Trail Blazers,Shooting Guard,61.7,241.6,2.6,4.0,7.7,67.6,22.3
940,Nickola Wahner,Brooklyn Nets,Shooting Guard,66.7,342.9,13.9,14.3,2.3,34.1,75.3
941,Glennie Steckings,Charlotte Hornets,Point Guard,88.0,229.7,26.0,1.0,19.8,36.6,36.0
942,Loydie Longden,New York Knicks,Shooting Guard,72.9,246.0,21.7,0.4,6.5,65.5,37.7
943,Agnes Bottelstone,Minnesota Timberwolves,Power Forward,82.5,196.1,11.3,3.9,9.8,8.9,4.2
944,Creigh Geldert,Los Angeles Clippers,Shooting Guard,64.7,244.4,5.4,12.9,4.7,38.0,90.5
945,Perren Tomlins,Memphis Grizzlies,Point Guard,81.7,200.7,20.1,13.5,9.2,47.9,42.7
946,Allix Filtness,Detroit Pistons,Power Forward,76.8,271.3,39.0,11.3,12.8,91.9,66.0
947,Ange Perkis,Miami Heat,Center,83.5,263.7,27.0,9.7,4.1,68.9,1.9
948,Ernaline McClory,Portland Trail Blazers,Small Forward,83.5,245.9,1.2,10.2,11.5,59.0,66.8
949,Stanwood Govey,Charlotte Hornets,Power Forward,89.1,344.9,35.6,8.0,16.2,61.7,97.2
950,Desirae Roscamps,Utah Jazz,Shooting Guard,66.9,249.9,27.4,0.9,4.9,42.6,64.5
951,Mariette Radbourn,Phoenix Suns,Small Forward,83.4,276.8,22.5,2.7,9.9,43.7,21.3
952,Nichole Douse,Dallas Mavericks,Shooting Guard,78.6,316.5,31.8,7.0,11.6,21.5,72.8
953,Nelly Blowfield,Philadelphia 76ers,Shooting Guard,60.0,348.4,33.6,7.0,19.2,56.9,87.4
954,Dinnie Crosby,Cleveland Cavaliers,Power Forward,82.9,264.2,30.7,12.1,3.3,15.5,81.4
955,Kellsie Waddington,Memphis Grizzlies,Shooting Guard,81.6,212.3,17.6,4.5,11.5,25.9,64.9
956,Whitaker Gerbl,Boston Celtics,Small Forward,69.9,284.8,24.9,3.1,2.8,17.6,37.9
957,Caril Catterson,Golden State Warriors,Power Forward,71.2,206.1,28.4,13.1,2.0,45.3,24.4
958,Mirna Linsley,Minnesota Timberwolves,Shooting Guard,76.7,234.1,22.5,13.2,15.4,88.6,82.2
959,Harrison Keelin,Cleveland Cavaliers,Power Forward,84.7,264.0,31.9,10.6,9.7,83.8,22.4
960,Bobby Goldstone,Orlando Magic,Shooting Guard,86.7,288.2,5.9,9.9,9.8,70.5,83.7
961,Peri Lutman,Los Angeles Lakers,Point Guard,71.9,270.6,32.0,11.8,4.6,10.7,69.8
962,Staci Genty,New York Knicks,Shooting Guard,74.2,159.1,16.6,8.3,10.9,15.0,48.3
963,Garold Giddings,Boston Celtics,Center,85.7,216.8,22.5,9.6,18.6,84.5,65.1
964,Wakefield Swindell,Atlanta Hawks,Power Forward,74.9,179.0,2.8,14.7,1.0,89.2,38.0
965,Isabelle Panichelli,Toronto Raptors,Power Forward,75.9,199.8,26.1,13.8,7.8,23.2,41.9
966,Annabal Mattiassi,Denver Nuggets,Shooting Guard,81.9,198.6,23.9,13.0,14.7,47.3,87.6
967,Barris Mansel,Houston Rockets,Center,79.0,172.1,35.2,0.7,8.2,10.4,15.1
968,Bernice Mielnik,Chicago Bulls,Shooting Guard,64.2,158.4,31.9,8.4,4.3,58.6,68.9
969,Anissa Blackborne,Philadelphia 76ers,Small Forward,74.2,163.1,8.0,13.8,11.1,54.3,88.0
970,Engracia Gladdor,Los Angeles Lakers,Center,63.3,278.5,5.4,7.0,9.0,65.7,47.9
971,Armando Matveiko,Boston Celtics,Point Guard,61.4,344.5,11.3,4.5,9.8,1.5,72.6
972,Klara Gapper,Oklahoma City Thunder,Point Guard,74.9,222.5,13.9,10.1,2.3,90.8,75.0
973,Darell Bellworthy,Oklahoma City Thunder,Small Forward,74.5,204.9,2.5,6.4,16.6,93.3,9.2
974,Kiersten Nason,Toronto Raptors,Center,88.3,231.8,36.2,8.6,15.1,36.3,46.4
975,Parry McOrkil,Houston Rockets,Shooting Guard,69.5,342.8,27.9,9.2,18.8,19.3,1.6
976,Berny Alentyev,Portland Trail Blazers,Power Forward,81.8,300.9,23.8,0.3,9.7,91.0,14.1
977,Kelila Pine,Toronto Raptors,Center,86.5,335.8,33.1,12.5,2.5,63.1,55.8
978,Kara-lynn Gwatkins,Phoenix Suns,Power Forward,87.2,161.5,7.5,2.0,8.9,81.6,85.7
979,Dru Pershouse,Houston Rockets,Power Forward,76.3,288.6,37.3,13.0,5.8,24.3,0.5
980,Vidovik Georgeson,Memphis Grizzlies,Point Guard,72.3,349.4,19.7,7.0,17.4,83.7,91.4
981,Mandi Cropper,Toronto Raptors,Power Forward,83.2,168.9,20.8,14.4,16.8,51.2,37.9
982,Mallorie Mc Carrick,Miami Heat,Power Forward,74.5,213.1,20.0,11.1,5.4,60.3,32.4
983,Frasquito Di Lucia,Utah Jazz,Small Forward,66.9,283.2,26.6,11.6,3.4,70.9,42.9
984,Alisha Preator,Detroit Pistons,Power Forward,65.7,301.7,34.6,11.7,8.0,12.0,10.2
985,Benyamin Tremain,Dallas Mavericks,Shooting Guard,76.3,231.5,14.0,5.2,16.8,56.8,38.8
986,Maggee Andreoletti,Milwaukee Bucks,Center,72.5,273.8,13.7,11.1,7.9,71.1,89.9
987,Merry Fishlock,Orlando Magic,Center,86.4,324.1,20.7,9.9,0.3,52.4,53.2
988,Rosamond Worral,Miami Heat,Shooting Guard,70.4,308.2,18.1,6.2,13.4,66.4,45.9
989,Otho Mossbee,San Antonio Spurs,Shooting Guard,62.2,169.0,30.4,11.1,0.7,17.1,86.2
990,Abbie Franzke,Dallas Mavericks,Point Guard,82.8,208.7,14.2,2.5,17.9,83.6,45.8
991,Hercule Batchellor,Toronto Raptors,Center,72.0,252.9,2.4,0.6,7.1,61.5,49.2
992,Agace Fernandez,Toronto Raptors,Small Forward,68.4,208.3,28.7,10.1,12.5,91.4,72.7
993,Buddy De Winton,Portland Trail Blazers,Power Forward,82.4,239.6,4.4,2.8,9.1,24.1,80.1
994,Raphaela Hubbart,New York Knicks,Power Forward,84.1,296.8,17.8,0.1,17.3,10.4,55.8
995,Carlota Hanhardt,Chicago Bulls,Small Forward,81.3,178.1,36.5,10.1,6.8,59.4,37.2
996,Tova Budden,Los Angeles Lakers,Small Forward,75.8,334.9,31.6,2.7,2.0,75.8,71.0
997,Trent Pudner,Minnesota Timberwolves,Small Forward,87.2,261.2,40.0,0.3,1.0,33.4,31.4
998,Lennie Tilt,Atlanta Hawks,Small Forward,90.0,317.9,2.4,0.6,3.2,25.3,50.7
999,Claudian Doppler,Memphis Grizzlies,Point Guard,76.0,279.4,23.7,9.8,1.8,50.1,89.3
1000,Mora Freyn,Los Angeles Lakers,Shooting Guard,78.6,274.4,37.1,12.5,4.9,56.5,37.6
